"","Filename","Year"
"1","150223_Workshop_I_Kollatz-Frosch_oder_Prinz_TUSTEP_als_Werkzeug_der_digitalen_Geisteswissenschaften_– ein_Workshop_der_In_a.txt","2015"
"2","150223_Workshop_II_Bolz-Wissenschaftliches_Bloggen,_Wissenschaftsblogs_und_bloggende_Wissenschaftler-1261164_a.txt","2015"
"3","150223_Workshop_V_Stede-Computerlinguistische_Methoden_der_Inhaltsanalyse-1171159_a.txt","2015"
"4","150224_Workshop_III_Meister-Elemente_einer_Roadmap_für_das_Forschungsfeld_Computational_Narratology-481097_a.txt","2015"
"5","150224_Workshop_IV_Dumont-ediarum_–_Eine_digitale_Arbeitsumgebung_für_Editionsvorhaben-1821070_a.txt","2015"
"6","150224_Workshop_VI_Mühlberger-Automatisierte_Erkennung_handschriftlicher_Dokumente-141049_a.txt","2015"
"7","150224_Workshop_VII_Sievers-Es_geht_auch_ohne_Formeln_–_Der_Einsatz_von_TeX-1661098_a.txt","2015"
"8","150224_Workshop_VIII_Beer-Einführung_in_die_Nutzung_der_Edirom_Tools_im_Kontext_digitaler_Musikeditionen-1711192_a.txt","2015"
"9","150225_Kunstgeschichte_I_2_Howanitz-Distant_Watching-381084.txt","2015"
"10","150225_Kunstgeschichte_I_3_von_Pippich-Farbe_und_Ma·_Die_Fibonacci-Zahlen_in_der_Kunstgeschichte-1721060.txt","2015"
"11","150225_Kunstgeschichte_I_Kassung-Making_Things_Chatter_Historische_Debatten_und_ihre_Objekte-1181165.txt","2015"
"12","150225_Kunstgeschichte_II_1_Heftberger-Filmbild,_Filmschnitt,_Filmstil_–_die_Quantifizierung-931114.txt","2015"
"13","150225_Kunstgeschichte_II_2_Lengyel-Die_Bedeutung_architektonischer_Gestaltung_in_der_visuellen_Vermittlung_wissenschaftlicher_Unschärfe_.txt","2015"
"14","150225_Musikologie_1_Kepper-„Befund“_und_„Deutung“_in_Beethovens_Schreibprozessen-751119.txt","2015"
"15","150225_Musikologie_2_Komprecht-Modellierung_von_Annotationen_in_der_digitalen_Musik--1321134.txt","2015"
"16","150225_Musikoloige_3_Roeder-Repräsentationen_von_Migration_in_musikwissenschaftlichen_Datenbanken-81037.txt","2015"
"17","150225_Philologie_I_1_Leonhardt-WissensSpielRäume_–_Digital_Humanities_in_der_Theaterforschung-1751188.txt","2015"
"18","150225_Philologie_I_2_Trilcke-Digitale_Netzwerkanalyse_dramatischer_Texte-251040.txt","2015"
"19","150225_Philologie_I_3_Schöch-Comedia_-_Comedie-701008.txt","2015"
"20","150225_Philologie_II_1_Jannidis-Automatische_Erkennung_von_Figuren_in_deutschsprachigen_Romanen-271069.txt","2015"
"21","150225_Philologie_II_2_Gius-Die_explorative_Visualisierung_von_Texten_Von_den_Herausforderungen_der_Darstellung_geisteswissenschaftli.txt","2015"
"22","150225_Philologie_II_3_Zirker-Theorie_und_Praxis_der_erklärenden_Annotation_im_Kontext_der_Digital_Humanities-131044.txt","2015"
"23","150225_Philologie_III_1_Mei·ner-Das_Zusammenspiel_automatisierter_und_interpretativer_Verfahren_bei_der_Aufbereitung_und_Auswertung_.txt","2015"
"24","150225_Philologie_III_2_Geierhos-Erfahrungsberichte_aus_zweiter_Hand-241064.txt","2015"
"25","150225_Philologie_III_3_de_Kok-WebLicht-1151162.txt","2015"
"26","150225_Philologie_IV_1_Geyken-Zeitliche_Verlaufskurven_in_den_DTA-_und_DWDS-Korpora-1191161.txt","2015"
"27","150225_Philologie_IV_2_Heckmann-Citation_Segmentation_from_Sparse_&_Noisy_Data-1551175.txt","2015"
"28","150225_Philologie_IV_3_Krieg-Holz-Parameter_zur_Klassifizierung_stilistischer_Varianz_bei_E-Mails-1531184.txt","2015"
"29","150225_Theorie_I_1_He·brüggen-Walter-Warum_sollen_wir_unseren_Daten_trauen_Soziale_Erkenntnistheorie-591104.txt","2015"
"30","150225_Theorie_I_2_Bögel-Gleiche_Textdaten,_unterschiedliche_Erkenntnisziele_Zum_Potential_vermeintlich_widersprüchlicher_Z.txt","2015"
"31","150225_Theorie_I_3_Kelih-Status_und_Probleme_der_Literaturwissenschaften_im_Rahmen_der_Digitial_Humanities-721112.txt","2015"
"32","150225_Theorie_II_1_Fechner-Wissenschaftsgeschichte_und_digitale_Methoden_Eine_datengestÅtzte_Untersuchung_zu_wissenschaftlichen_.txt","2015"
"33","150225_Theorie_II_2_Odebrecht-Interdisziplinäre_Nutzung_von_Forschungsdaten_mithilfe_einer_technisch-abstrakten_Modellierung-63110.txt","2015"
"34","150225_Theorie_II_3_Hinrichs-Digitale_Geisteswissenschaften_und_Informatik_–_Modelle_der_Zusammenarbeit-781124.txt","2015"
"35","150226_Geschichte_I_1_Wintergrün-Herausforderung_Big_Data_in_der_historischen_Forschung-651110.txt","2015"
"36","150226_Geschichte_I_2_HAUSAR-Gespielte_Geschichte-21025.txt","2015"
"37","150226_Geschichte_I_3_Bennett-über_mehrsprachige_Metadaten_zu_den_versteckten_Quellen-151050.txt","2015"
"38","150226_Geschichte_II_1_Busch-Quanticod_revisited_Neue_Ansätze_zur_quantitativen_Analyse_mittelalterlicher_Handschriftenbestände-13611.txt","2015"
"39","150226_Geschichte_II_2_Windhager-Zur_visuellen_Analyse_und_Synthese_historischer_Daten-1701065.txt","2015"
"40","150226_Geschichte_II_3_Reisinger-Vom_Repositorium_zum_virtuellen_Museum-1071149.txt","2015"
"41","150226_Panel_I_Thaller-Digital_Humanities_als_Beruf_–_Fortschritte_auf_dem_Weg_zu_einem_Curriculum-851018.txt","2015"
"42","150226_Panel_III_Sahle-Panel_der_AG_Datenzentren_im_Verband_DHd-1131158.txt","2015"
"43","150226_Panel_IV_Scheuermann-Zur_Integration_computerbasierter_raum-zeitlicher_Visualisierungen-691039.txt","2015"
"44","150226_Philologie_V_1_Hanrahan-‘Over-tagging’_with_XML_in_Digital_Scholarly_Editions-1441142.txt","2015"
"45","150226_Philologie_V_2_Müller-Erkennung_und_Visualisierung_attribuierter_Phrasen-1231132.txt","2015"
"46","150226_Philologie_V_3_Dimpel-Ausgezeichnete_Mären_analysieren_–_ein_Werkstattbericht-181056.txt","2015"
"47","150226_Philologie_VI_1_Dumont-correspSearch_Ein_zentraler_Service_zum_Vernetzen_von_Briefeditionen-1101070.txt","2015"
"48","150226_Philologie_VI_2_Bleier-Topic_Modelling_des_Letters_of_1916_Briefkorpus-831122.txt","2015"
"49","150226_Philologie_VI_3_Resch-Von_A_wie_Abraham_a_Sancta_Clara_bis_U_wie_Unbekannter_Verfasser-991067.txt","2015"
"50","150226_Philologie_VII_1_Hadersbeck-Wittgensteins_Nachlass-441032.txt","2015"
"51","150226_Philologie_VII_2_Kastberger-InformationKommentarInterpretation-31027.txt","2015"
"52","150226_Philologie_VII_3_Thomas-Hidden_Kosmos_–_Humboldts_‚Kosmos-Vorträge‘-1681182.txt","2015"
"53","150226_Philologie_VIII_1_Wandl-Vogt-Transformation_Perspektiven_am_Beispiel_eines_lexikographischen_Jahrhundertprojekts-841120.txt","2015"
"54","150226_Philologie_VIII_2_Declerck-Für_eine_pan-europaische_Lexikologie_und_Lexikographie_mittels_des_Linked_Open_Data_Frameworks-140118.txt","2015"
"55","150226_Philologie_VIII_3_Pirker-Integrierte_Lexikographische_Dienste_zur_Unterstützung_der_digitalen_Geisteswissenschaften-1601118.txt","2015"
"56","150226_Theorie_III_1_Wettlaufer-Neue_Erkenntnisse_durch_digitalisierte_Geschichtswissenschaften-1421176.txt","2015"
"57","150226_Theorie_III_2_Pîlitz-Big_Data_und_Data_Mining_in_den_Digital_Humanities-1061125.txt","2015"
"58","150226_Theorie_III_3_van_Bree-Exploring_the_reuse_of_data_in_the_humanities_by_means_of_asynchronous_collaboration_and_authorship.txt","2015"
"59","150226_Theorie_IV_1_Focht-Die_getriebenen_Geisteswissenschaften_–_oder-1781190.txt","2015"
"60","150226_Theorie_IV_2_Görz-Digital_Humanities_aus_der_Sicht_der_Informatik-1791196.txt","2015"
"61","150226_Theorie_IV_3_Meise-Bildungspotenziale_digitaler_Musik-Editionen_zwischen_Demokratisierung-1611187.txt","2015"
"62","150227_EmpirischeAnsätze_1_Engelmann-Meinungen_in_Twitterdiskursen_Potenziale_der_automatisierten_Inhaltsanalyse_aus_der_Computerlinguist.txt","2015"
"63","150227_EmpirischeAnsatze_2_Stu·-Identifikation_kognitiver_Effekte_in_Online-Bewertungen-801064.txt","2015"
"64","150227_EmpirischeAnsätze_3_Elwert-Beziehung_und_Bedeutung_Soziale_und_semantische_Netzwerkanalyse_religionshistorischer_Korpora-1311163.txt","2015"
"65","150227_Philologie_IX_1_Ivanovic-Digitale_Korpusanalyse_in_der_Literaturwissenschaft_am_Beispiel_von_Ilse_Aichinger-1761194.txt","2015"
"66","150227_Philologie_IX_2_Burr-Das_Duisburg-Leipzig_Korpus_romanischer_Zeitungssprachen-1771016.txt","2015"
"67","150227_Philologie_IX_3_Weiß-Welt_der_Kinder_–_Bearbeitung_großer_digitaler_Korpora-1431168.txt","2015"
"68","150227_Philologie_X_1_Roeder-Mapping_the_Words_Übersetzungsstrukturen_zwischen_Altgriechisch-281037.txt","2015"
"69","150227_Philologie_X_2_Hoenen-Das_artifizielle_Manuskriptkorpus_TASCFE-191051.txt","2015"
"70","150227_Philologie_XI_1_Dunst-Digitale_Analyse_Graphischer_Literatur-1281047.txt","2015"
"71","150227_Philologie_XI_2_Fischer-Wann_findet_die_deutsche_Literatur_statt_–_Zur_Untersuchung_von_Zeitausdrücken-231040.txt","2015"
"72","150227_Philologie_XI_3_Friedl-Erzählen_im_Computerspiel-671086.txt","2015"
"73","ABRAMI_Giuseppe_Ontologiegestütze_geisteswissenschaftliche_Annotationen_mit_dem_OWLnotator.txt","2015"
"74","AEHNLICH_Barbara_Sprachwissenschaftliche_Untersuchungen_zum_Klagspiegel_Conrad_Heydens_(1436)_und_zum_Laienspiegel_Ulrich_Tenglers_(1511).txt","2015"
"75","ALSCHER_Stefan_Annotation_und_Analyse_des_literaturtheoretischen_und_kritischen_Diskurses_in_deutschsprachigen_Poetiken.txt","2015"
"76","ANDORFER_Peter_Forschungsdaten_in_Theorie_und_Praxis.txt","2015"
"77","BALCK_Sandra_Mit_den_Informationswissenschaften_von_Daten_zu_Erkenntnissen.txt","2015"
"78","BARZEN_Johanna_Muster_in_den_Geisteswissenschaften.txt","2015"
"79","BAUM_Constanze_Was_heißt_und_zu_welchem_Ende_produziert_man_ein_geisteswissenschaftliches_E-Journal.txt","2015"
"80","BAUSI_Alessandro_Modellierung_eines_maschinell_lesbaren_Lexikons_für_das_Korpus_der_altäthiopischen_Literatur.txt","2015"
"81","BLESSING_Andre_Automatische_Verfahren_zur_Bewertung_der_Relevanz_von_Dokumenten_für_geisteswissenschaftliche_Forschungsfragen.txt","2015"
"82","BÖGEL_Thomas_An_End-To-End_Integration_of_Automatic_Annotations_into_CATMA.txt","2015"
"83","BOHL_Benjamin_Der_Gang_durch_die_Domänen.txt","2015"
"84","BRCKEL_Oliver_eComparatio_Editionsvergleich.txt","2015"
"85","BRNER_Ingo_Quantitative_Auffhrungsanalysen_zu_Stcken_Johann_Nestroys.txt","2015"
"86","BRYAN_Maximilian_Projekt_Altgyptische_Wrterbcher_im_Verbund_Digital_untersttze_Analyse_der_Entwicklung_gyptischer_Wrterbcher.txt","2015"
"87","BUDDENBOHM_Stefan_Humanities_Data_Centre_grundlegende_Überlegungen_in_der_Designphase_eines_geisteswissenschaftlichen_Forschungsdatenzentrums.txt","2015"
"88","BURGHARDT_Manuel_StreetartFinder_Eine_Datenbank_zur_Dokumentation_von_Kunst_im_urbanen_Raum.txt","2015"
"89","CAPELLE_Irmlind_Entwicklung_eines_MEI_und_TEI_basierten_Modells_kontextueller_Tiefenerschlieįung_von_Musikalienbeständen_am_Beispiel_des_Detmolder_Hoftheaters_im_19._Jahrhunderts.txt","2015"
"90","DECLERCK_Thierry_Annotationen_für_die_automatisierte_Verarbeitung_von_Märchen.txt","2015"
"91","DUMONT_Stefan_ediarum_Eine_digitale_Arbeitsumgebung_für_Editionsvorhaben.txt","2015"
"92","DURCO_Matej_Netzwerke_sehen.txt","2015"
"93","ENDER_Markus_So_viele_Briefe_mit_all_ihrem_Für_und_Wider...Die_kommentierte_Online-Edition_des_Gesamtbriefwechsels_Ludwig_von_Fickers_als_wissenschaftlicher_Quellenfundus.txt","2015"
"94","ENTRUP_Bastian_Kombinierte_Text-_und_Geo-Suche_zum_Durchsuchen_einer_georeferenzierten_Online_Bibliographie.txt","2015"
"95","ERHARD_Alexander_SMuFL-Browser_und_oXygen_GlyphPicker_Plugin.txt","2015"
"96","GLEIM_Rüdiger_TTLab_Preprocessor_Eine_generische_Web-Anwendung_für_die_Vorverarbeitung_von_Texten_und_deren_Evaluation.txt","2015"
"97","GLISSMANN_Benjamin_Vom_Luftbild_zum_3D.txt","2015"
"98","HAHN_Carolin_Auch_ich_in_Rom!-Die_literarische_Inszenierung_sozialer_Netzwerke_und_Wissenstransfers_in_deutschsprachigen_Reiseberichten_(1816-1833).txt","2015"
"99","HOMBURG_Timo_Learning_cuneiform_the_modern_way.txt","2015"
"100","HUG_Marius_Dingler_Dissemination_Highlights_aus_6_Jahren_Digitalisierung_des_Polytechnischen_Journals.txt","2015"
"101","KADEN_Ben_Erweiterte_Publikationen_in_den_GeisteswissenschaftenKleineberg.txt","2015"
"102","KALASOUSKAYA_Yuliya_Wittgensteins_Nachlass_Aufbau_und_Demonstration_der_FinderApp_WiTTFind_und_ihrer_Komponenten.txt","2015"
"103","KLICHE_Fritz_Ein_Wizard_fЃr_die_Erschlieбung_strukturierter_Textdaten.txt","2015"
"104","KNAUTH_Jürgen_OpenSource-Bibliotheken_und_-Tools_des_SeNeReKo-Projekts.txt","2015"
"105","KORCHAGINA_Natalia_Database_of_historical_places,_persons_andlemmas.txt","2015"
"106","KRÖGER_Barbara_Germania_Sacra_Online_Das_Forschungsportal_für_kirchliche_Personen_und_Institutionen_bis_1810.txt","2015"
"107","LEGANOVIC_Oona_Anforderungen_und_Bedürfnisse_von_Geisteswissenschaftlern_an_einen_digital_gestützten.txt","2015"
"108","LOEBEL_Jens-Martin_Semantische_Anreicherung_von_Bildnetzwerken_mit_HyperImage_und_Yenda_Das_Hachiman_Digital_Handscralls_Projekt.txt","2015"
"109","LORDICK_Harald_Das_Wissen_der_Bilder_Spielarten_des_digitalen_Annotierens.txt","2015"
"110","MARA_Hubert_Geometrische_Verfahren_als_Brücke_zwischen_Text_und_Objekt.txt","2015"
"111","MÜLLER-BIRN_Claudia_neonion_Kollaboratives_semanitsches_Annotieren_von_Dokumenten_als_Mehrwert_für_das_Forschen_in_den_Geisteswissenschaften_und_der_Informatik.txt","2015"
"112","NEDO_Michael_Vernetzte_Datenstrukturen_als_Grundlage_philosophischer_Erkenntnisse.txt","2015"
"113","PARASKEVOUDI_Nadia_Sonic_materialization_of_linguistic_data.txt","2015"
"114","PERNES_Stefan_Big_complex_heterogeneous_Laufende_Projekte_aus_dem.txt","2015"
"115","PETER_Birgit_Digitalisierung_eines_NS-Bildarchivs_Konstruktion_von_NS-Lebenswelt.txt","2015"
"116","PFEIL_Patrick_Digital_Humanities_in_der_Hochschullehre_Erfahrungen_aus_dem_Lern-Lehr-Projekt.txt","2015"
"117","PHILIPPS_Axel_Visualisierung_von_Kultur_im_Web.txt","2015"
"118","PIOTROWSKI_Michael_Das_Labeling_System_ein_freier_Baukasten_für_kontrollierte_Vokabulare.txt","2015"
"119","POURTSKHVANIDZE_Zakharia_Visualisierung_von_Informationsgliederungen.txt","2015"
"120","REITER_Nils_Computerlinguistische_Verfahren_zur_Aufdeckung_struktureller_hnlichkeiten_in_Narrativen.txt","2015"
"121","RIPPERGER_Hannah_Virtuelle_Rekonstruktion_des_Regensburger_Ballhauses.txt","2015"
"122","SCHOLZ_Martin_Digitalisierung_der_Universitätssammlungen_der_FAU_Erlangen_Nünberg.txt","2015"
"123","SCHULZ_Daniela_Erfahrungen_aus_dem_Bibliotheca_legum_Projekt._Zum_Aufbau_einer_Handschriftendatenbank.txt","2015"
"124","SEIFERT_Sabine_Gelehrsamkeit_will_verlinkt_werden._Zur_digitalen_Erschlieáung_von_August_Boeckhs_Nachlass_und_Bibliothek.txt","2015"
"125","SIMEK_JAKUB_Kodierung,_Analyse_und_Visualisierung_mittelalterlicher_Kodexstrukturen_im_editorischen_Kontext.txt","2015"
"126","SONDERGELD_Ute_Europeana_Sounds_Ein_Portal_zu_Europas_klingendem_Kulturerbe.txt","2015"
"127","SPRINGMANN_Uwe_Zur_OCR_frühneuzeitlicher_Drucke_am_Beispiel_des_RIDGES-Korpus_von_Kräutertexten.txt","2015"
"128","STCKER_Thomas_ADHO_Special_Interest_Group_for_Libraries_and_Digital_Humanities.txt","2015"
"129","STEINER_Andrea_Common Names 4 living organisms @ EUROPEANA Ein Beispiel für Mehrwert durch interdisziplinäre Kollaboration.txt","2015"
"130","WOHLFAHRTER_Eva_JENSITES_Schriften_einer_Totenbruderschaft_digital.txt","2015"
"131","ZEHETNER_Elisabeth_Neue_Wege_des_Sammelns_Erfassens_und_Erforschens_Die_Datenbank_Dialect_Cultures.txt","2015"
"132","panels-001.xml.txt","2016"
"133","panels-002.xml.txt","2016"
"134","panels-003.xml.txt","2016"
"135","panels-004.xml.txt","2016"
"136","panels-005.xml.txt","2016"
"137","panels-006.xml.txt","2016"
"138","plenarvortraege-001.xml.txt","2016"
"139","plenarvortraege-002.xml.txt","2016"
"140","posters-001.xml.txt","2016"
"141","posters-002.xml.txt","2016"
"142","posters-003.xml.txt","2016"
"143","posters-004.xml.txt","2016"
"144","posters-005.xml.txt","2016"
"145","posters-006.xml.txt","2016"
"146","posters-007.xml.txt","2016"
"147","posters-008.xml.txt","2016"
"148","posters-009.xml.txt","2016"
"149","posters-010.xml.txt","2016"
"150","posters-011.xml.txt","2016"
"151","posters-012.xml.txt","2016"
"152","posters-013.xml.txt","2016"
"153","posters-014.xml.txt","2016"
"154","posters-015.xml.txt","2016"
"155","posters-016.xml.txt","2016"
"156","posters-017.xml.txt","2016"
"157","posters-018.xml.txt","2016"
"158","posters-019.xml.txt","2016"
"159","posters-020.xml.txt","2016"
"160","posters-021.xml.txt","2016"
"161","posters-022.xml.txt","2016"
"162","posters-023.xml.txt","2016"
"163","posters-024.xml.txt","2016"
"164","posters-025.xml.txt","2016"
"165","posters-026.xml.txt","2016"
"166","posters-027.xml.txt","2016"
"167","posters-028.xml.txt","2016"
"168","posters-029.xml.txt","2016"
"169","posters-030.xml.txt","2016"
"170","posters-031.xml.txt","2016"
"171","posters-032.xml.txt","2016"
"172","posters-033.xml.txt","2016"
"173","posters-034.xml.txt","2016"
"174","posters-035.xml.txt","2016"
"175","posters-036.xml.txt","2016"
"176","posters-037.xml.txt","2016"
"177","posters-038.xml.txt","2016"
"178","posters-039.xml.txt","2016"
"179","posters-040.xml.txt","2016"
"180","posters-041.xml.txt","2016"
"181","posters-042.xml.txt","2016"
"182","posters-043.xml.txt","2016"
"183","posters-044.xml.txt","2016"
"184","posters-045.xml.txt","2016"
"185","posters-047.xml.txt","2016"
"186","posters-048.xml.txt","2016"
"187","posters-049.xml.txt","2016"
"188","posters-050.xml.txt","2016"
"189","posters-051.xml.txt","2016"
"190","posters-052.xml.txt","2016"
"191","posters-053.xml.txt","2016"
"192","posters-054.xml.txt","2016"
"193","posters-055.xml.txt","2016"
"194","posters-056.xml.txt","2016"
"195","posters-057.xml.txt","2016"
"196","posters-058.xml.txt","2016"
"197","posters-059.xml.txt","2016"
"198","posters-060.xml.txt","2016"
"199","posters-061.xml.txt","2016"
"200","posters-062.xml.txt","2016"
"201","posters-063.xml.txt","2016"
"202","posters-064.xml.txt","2016"
"203","posters-065.xml.txt","2016"
"204","posters-066.xml.txt","2016"
"205","posters-067.xml.txt","2016"
"206","posters-068.xml.txt","2016"
"207","posters-069.xml.txt","2016"
"208","posters-070.xml.txt","2016"
"209","posters-071.xml.txt","2016"
"210","posters-072.xml.txt","2016"
"211","posters-073.xml.txt","2016"
"212","posters-074.xml.txt","2016"
"213","posters-075.xml.txt","2016"
"214","posters-076.xml.txt","2016"
"215","posters-077.xml.txt","2016"
"216","posters-078.xml.txt","2016"
"217","posters-079.xml.txt","2016"
"218","sektionen-001.xml.txt","2016"
"219","sektionen-002.xml.txt","2016"
"220","sektionen-003.xml.txt","2016"
"221","sektionen-004.xml.txt","2016"
"222","sektionen-005.xml.txt","2016"
"223","vortraege-001.xml.txt","2016"
"224","vortraege-002.xml.txt","2016"
"225","vortraege-003.xml.txt","2016"
"226","vortraege-004.xml.txt","2016"
"227","vortraege-005.xml.txt","2016"
"228","vortraege-006.xml.txt","2016"
"229","vortraege-007.xml.txt","2016"
"230","vortraege-008.xml.txt","2016"
"231","vortraege-009.xml.txt","2016"
"232","vortraege-010.xml.txt","2016"
"233","vortraege-011.xml.txt","2016"
"234","vortraege-012.xml.txt","2016"
"235","vortraege-013.xml.txt","2016"
"236","vortraege-014.xml.txt","2016"
"237","vortraege-015.xml.txt","2016"
"238","vortraege-016.xml.txt","2016"
"239","vortraege-017.xml.txt","2016"
"240","vortraege-018.xml.txt","2016"
"241","vortraege-019.xml.txt","2016"
"242","vortraege-020.xml.txt","2016"
"243","vortraege-021.xml.txt","2016"
"244","vortraege-022.xml.txt","2016"
"245","vortraege-023.xml.txt","2016"
"246","vortraege-024.xml.txt","2016"
"247","vortraege-025.xml.txt","2016"
"248","vortraege-026.xml.txt","2016"
"249","vortraege-027.xml.txt","2016"
"250","vortraege-029.xml.txt","2016"
"251","vortraege-030.xml.txt","2016"
"252","vortraege-031.xml.txt","2016"
"253","vortraege-032.xml.txt","2016"
"254","vortraege-033.xml.txt","2016"
"255","vortraege-034.xml.txt","2016"
"256","vortraege-035.xml.txt","2016"
"257","vortraege-036.xml.txt","2016"
"258","vortraege-037.xml.txt","2016"
"259","vortraege-038.xml.txt","2016"
"260","vortraege-039.xml.txt","2016"
"261","vortraege-040.xml.txt","2016"
"262","vortraege-041.xml.txt","2016"
"263","vortraege-042.xml.txt","2016"
"264","vortraege-043.xml.txt","2016"
"265","vortraege-044.xml.txt","2016"
"266","vortraege-045.xml.txt","2016"
"267","vortraege-046.xml.txt","2016"
"268","vortraege-047.xml.txt","2016"
"269","vortraege-048.xml.txt","2016"
"270","vortraege-049.xml.txt","2016"
"271","vortraege-051.xml.txt","2016"
"272","vortraege-052.xml.txt","2016"
"273","vortraege-053.xml.txt","2016"
"274","vortraege-054.xml.txt","2016"
"275","vortraege-055.xml.txt","2016"
"276","vortraege-056.xml.txt","2016"
"277","vortraege-057.xml.txt","2016"
"278","vortraege-058.xml.txt","2016"
"279","vortraege-059.xml.txt","2016"
"280","vortraege-060.xml.txt","2016"
"281","vortraege-061.xml.txt","2016"
"282","vortraege-062.xml.txt","2016"
"283","workshops-001.xml.txt","2016"
"284","workshops-002.xml.txt","2016"
"285","workshops-003.xml.txt","2016"
"286","workshops-004.xml.txt","2016"
"287","workshops-005.xml.txt","2016"
"288","workshops-006.xml.txt","2016"
"289","workshops-007.xml.txt","2016"
"290","workshops-008.xml.txt","2016"
"291","workshops-009.xml.txt","2016"
"292","panel-FEIGE.xml.txt","2017"
"293","panel-HODEL.xml.txt","2017"
"294","panel-HOHMA.xml.txt","2017"
"295","panel-KURMA.xml.txt","2017"
"296","panel-KUROC.xml.txt","2017"
"297","panel-NIEBL.xml.txt","2017"
"298","panel-NOYER.xml.txt","2017"
"299","panel-REITE.xml.txt","2017"
"300","panel-SELTM.xml.txt","2017"
"301","plenary-FLESS.xml.txt","2017"
"302","plenary-SEELE.xml.txt","2017"
"303","plenary-SUESS.xml.txt","2017"
"304","poster-BAILL.xml.txt","2017"
"305","poster-BAUMA.xml.txt","2017"
"306","poster-BREIT.xml.txt","2017"
"307","poster-BUERG.xml.txt","2017"
"308","poster-BURGH.xml.txt","2017"
"309","poster-DOEHL.xml.txt","2017"
"310","poster-DRUSK.xml.txt","2017"
"311","poster-EDERE.xml.txt","2017"
"312","poster-ENGEL.xml.txt","2017"
"313","poster-GRUMT.xml.txt","2017"
"314","poster-HEGEL.xml.txt","2017"
"315","poster-HELLR.xml.txt","2017"
"316","poster-HERME.xml.txt","2017"
"317","poster-HOHEN.xml.txt","2017"
"318","poster-KLUGH.xml.txt","2017"
"319","poster-KUCZE.xml.txt","2017"
"320","poster-LAUBR.xml.txt","2017"
"321","poster-LEJTO.xml.txt","2017"
"322","poster-MATHI.xml.txt","2017"
"323","poster-ODEBR.xml.txt","2017"
"324","poster-PEUKE.xml.txt","2017"
"325","poster-PIELS.xml.txt","2017"
"326","poster-POECK.xml.txt","2017"
"327","poster-PONZE.xml.txt","2017"
"328","poster-REGER.xml.txt","2017"
"329","poster-RIECH.xml.txt","2017"
"330","poster-SCHAE.xml.txt","2017"
"331","poster-SCHEL.xml.txt","2017"
"332","poster-SCHUJ.xml.txt","2017"
"333","poster-SCHUL.xml.txt","2017"
"334","poster-SELTM.xml.txt","2017"
"335","poster-TABTI.xml.txt","2017"
"336","poster-VANDY.xml.txt","2017"
"337","poster-WETTL.xml.txt","2017"
"338","poster-WUTTK.xml.txt","2017"
"339","poster-ZIRKE.xml.txt","2017"
"340","vortrag-BARTH.xml.txt","2017"
"341","vortrag-CZMIE.xml.txt","2017"
"342","vortrag-DAENG.xml.txt","2017"
"343","vortrag-DAXEN.xml.txt","2017"
"344","vortrag-DIMPE.xml.txt","2017"
"345","vortrag-DOERK.xml.txt","2017"
"346","vortrag-ECHEL.xml.txt","2017"
"347","vortrag-FASSH.xml.txt","2017"
"348","vortrag-FISCH.xml.txt","2017"
"349","vortrag-GIUSE.xml.txt","2017"
"350","vortrag-GOEDE.xml.txt","2017"
"351","vortrag-GROSS.xml.txt","2017"
"352","vortrag-GRUEN.xml.txt","2017"
"353","vortrag-HERRM.xml.txt","2017"
"354","vortrag-LANGE.xml.txt","2017"
"355","vortrag-MATSC.xml.txt","2017"
"356","vortrag-MEISE.xml.txt","2017"
"357","vortrag-MESSE.xml.txt","2017"
"358","vortrag-MUENS.xml.txt","2017"
"359","vortrag-NEUEF.xml.txt","2017"
"360","vortrag-PAUSE.xml.txt","2017"
"361","vortrag-PERNE.xml.txt","2017"
"362","vortrag-REGER.xml.txt","2017"
"363","vortrag-RISSL.xml.txt","2017"
"364","vortrag-SCHIL.xml.txt","2017"
"365","vortrag-SCHOE.xml.txt","2017"
"366","vortrag-SCHRA.xml.txt","2017"
"367","vortrag-SCHUM.xml.txt","2017"
"368","vortrag-SNICK.xml.txt","2017"
"369","vortrag-THODE.xml.txt","2017"
"370","vortrag-TRILC.xml.txt","2017"
"371","vortrag-VONWA.xml.txt","2017"
"372","vortrag-WAGNE.xml.txt","2017"
"373","vortrag-WALKO.xml.txt","2017"
"374","vortrag-WINDH.xml.txt","2017"
"375","vortrag-ZIHLM.xml.txt","2017"
"376","workshop-GRADL.xml.txt","2017"
"377","workshop-HANNE.xml.txt","2017"
"378","workshop-HODEL.xml.txt","2017"
"379","workshop-JOHNS.xml.txt","2017"
"380","workshop-KAMPK.xml.txt","2017"
"381","workshop-KOLLA.xml.txt","2017"
"382","workshop-POHLO.xml.txt","2017"
"383","workshop-REITE.xml.txt","2017"
"384","ALTHOF_Daniel__Neue_Wahlverwandtschaften.xml.txt","2018"
"385","ANDORFER_Peter_TEIHencer___Enhance_your_TEI_Documents.xml.txt","2018"
"386","ANDRESEN_Melanie_Sprachliche_Variation_in_der_Germanistik__e.xml.txt","2018"
"387","ARNOLD_Eckhart_Positivistischer_Methodenfetischismus_als_Ana.xml.txt","2018"
"388","ASCHAUER_Anna_Reisewege_in_Raum_und_Zeit.xml.txt","2018"
"389","BARABUCCI_Gioele__Funktionale_und_deklarative_Programmierung.xml.txt","2018"
"390","BARZEN_Johanna_SustainLife___Erhalt_lebender__digitaler_Syst.xml.txt","2018"
"391","BECK_Jens_Was_Lesende_denken__Assoziationen_zu_B_chern_in_So.xml.txt","2018"
"392","BIGALKE_Ben_Personen__und_Figurennetzwerke_in_Fernando_Pesso.xml.txt","2018"
"393","BLANKEN_Christine_Endstation_Digital___Herausforderung_Metad.xml.txt","2018"
"394","BLESSING_Andre_NLP_meets_RegNLP_meets_Regesta_Imperii.xml.txt","2018"
"395","BLUMTRITT_Jonathan_Nutzerunterstützung_und_neueste_Entwicklu.xml.txt","2018"
"396","BOENIG_Matthias_Ground_Truth__Grundwahrheit_oder_Ad_Hoc_L_su.xml.txt","2018"
"397","BÖRNER_Ingo_Cäsar_Flaischlens__Graphische_Litteratur_Tafel__.xml.txt","2018"
"398","BÖTTGER_Lucie_Wahrnehmung_und_digitale_Mustererkennung_am_Be.xml.txt","2018"
"399","BRUDER_Daniel_Datenmodelle_zur_digitalen_Texterfassung__Comp.xml.txt","2018"
"400","BRUNNER_Annelen_Projektvorstellung___Redewiedergabe__Eine_li.xml.txt","2018"
"401","BUBENHOFER_Noah_Wissenschaft_ohne_Geist__Herausforderungen_d.xml.txt","2018"
"402","BURCKHARDT_Daniel_Schlüsseldokumente_zur_deutsch_jüdischen_G.xml.txt","2018"
"403","BÜRGERMEISTER_Martina__Software_Aging__in_den_DH__Kritik_des.xml.txt","2018"
"404","BURGHARDT_Manuel_Computergestützte_Film__und_Videoanalyse.xml.txt","2018"
"405","BURGHARDT_Manuel_Digital_Dylan___Computergestützte_Analyse_d.xml.txt","2018"
"406","BURR_Elisabeth__Kinder_des_Buchdrucks__im_Digitalen_Zeitalte.xml.txt","2018"
"407","BUSCH_Hannah_Auf_der_Suche_nach_der_verlorenen_Materialit_t_.xml.txt","2018"
"408","CHIARCOS_Christian_Universal_Morphology_zwischen_Sprachtechn.xml.txt","2018"
"409","CZMIEL_Alexander_erschließen___verknüpfen___finden__Forschun.xml.txt","2018"
"410","DAHNKE_Michael__Professionalisierung_der_Ausbildung_von_Geis.xml.txt","2018"
"411","DÄNGELI_Peter_Von_der_geschlossenen_Forschungsdatenbank_zur_.xml.txt","2018"
"412","DECLERCK_Thierry_Formalisierung_von_Märchen.xml.txt","2018"
"413","DIMPEL_Friedrich_Michael_Die_guten_ins_Töpfchen__Zur_Anwendb.xml.txt","2018"
"414","DONIG_Simon__Der_ferne_Blick__Bildkorpora_und_Computer_Visio.xml.txt","2018"
"415","DONIG_Simon_Bildanalyse_durch_Distant_Viewing___zur_Identifi.xml.txt","2018"
"416","DÖRK_Marian_Der_Sammlung_gerecht_werden__Kritisch_generative.xml.txt","2018"
"417","DRUSKAT_Stephan_Nachnutzbarmachung_von_Forschungsdaten_und_T.xml.txt","2018"
"418","DU_Keli_Sentimentanalyse_in_unstrukturierten_Texten__am_Bsp_.xml.txt","2018"
"419","DUMONT_Stefan_Ein_Brief___zwei_Perspektiven__Stellenkommenta.xml.txt","2018"
"420","DUNST_Alexander_Hin_zu_einer_Visuellen_Stilometrie__Automati.xml.txt","2018"
"421","EIDE_Oyvind_Modellieren_durch_mediale_Transformation__Das_Th.xml.txt","2018"
"422","ERNST_Thomas_Critical_Digital_Cultural_Studies__Digitale_Kul.xml.txt","2018"
"423","FECHNER_Martin_Eine_nachhaltige_Präsentationsschicht_für_dig.xml.txt","2018"
"424","FICHTNER_Mark_Von_Drupal_8_zur_virtuellen_Forschungsumgebung.xml.txt","2018"
"425","FISCHER_Frank__Liebe_und_Tod_in_der_Deutschen_Nationalbiblio.xml.txt","2018"
"426","FISCHER_Frank_Netzwerkanalytischer_Blick_auf_die_Dramen_Anto.xml.txt","2018"
"427","FRANK_Ingo_Digitale_Vernunft_zwischen_Text_und_Diagramm.xml.txt","2018"
"428","FRANZINI_Greta_Digital_Medievalist__A_Web_Community_for_Medi.xml.txt","2018"
"429","FRIEDRICHS_Kristina_Digitale_Bildrepositorien___wirkliche_Ar.xml.txt","2018"
"430","GARCES_Juan_Kritik_der_Digitalität__am_Beispiel_der_digitale.xml.txt","2018"
"431","GERHARDS_Simone_Aus_erster_Hand___3000_Jahre_Kursivschrift_d.xml.txt","2018"
"432","GIUS_Evelyn_hermA__Zur_Rolle_von_Annotationen_in_hermeneutis.xml.txt","2018"
"433","GLÜCK_David_An_den_Grenzen_der_Interoperabilität__Eine_kriti.xml.txt","2018"
"434","GODLER_Katharina_musilonline___integral_lösen__Dialogfeld_Di.xml.txt","2018"
"435","GOEDEL_Martina_Digitale_Differenz__Luhmanns_Zettelkasten_als.xml.txt","2018"
"436","GRADL_Tobias_Ist_die_DARIAH_DE_Forschungsinfrastruktur_fit_f.xml.txt","2018"
"437","GRONEMEYER_Sven_Vagheit_hoch_Zweifel_plus_Kritik__Die_Bewert.xml.txt","2018"
"438","GROSSE_Peggy_Interpretation_und_Unschärfe_bei_der_semantisch.xml.txt","2018"
"439","HAAF_Susanne__Perspektiven_auf_ein_Korpus__Kombinationen_qua.xml.txt","2018"
"440","HANNESSCHLÄGER_Vanessa_Menschen_gendern__Einige_Gedanken_übe.xml.txt","2018"
"441","HECKELEN_Malte_Lars_Verhaltensmuster_in_Massendiskursen__Ein.xml.txt","2018"
"442","HELLING_Patrick_Sechs_Wege_der_FRBRisierung_von_Textverknüpf.xml.txt","2018"
"443","HELLRICH_Johannes__Wenn_der_Funke__berspringt___Word_Embeddi.xml.txt","2018"
"444","HENNY_KRAHMER_Ulrike_Alternative_Gattungstheorien__Das_Proto.xml.txt","2018"
"445","HERRMANN_J__Berenike_Praktische_Tagger_Kritik__Zur_Evaluatio.xml.txt","2018"
"446","HESSBRÜGGEN_WALTER_Stefan__Die_Angst_vor_dem__Elektronengehi.xml.txt","2018"
"447","HIEBERT_Matthew_Deutsche_Geschichte_Digital__Ergebnisse_der_.xml.txt","2018"
"448","HODEL_Tobias_Automatic_Text_Recognition__Mit_Transkribus_Tex.xml.txt","2018"
"449","HODEL_Tobias_Konsequenzen_automatischer_Texterkennung___Ein_.xml.txt","2018"
"450","HOENEN_Armin_Principles_Aiding_in_Reading_Abbreviations_in_O.xml.txt","2018"
"451","HOFFMANN_Christoph_Science_as_a_Service_.xml.txt","2018"
"452","HOMBURG_Timo_Semantische_Extraktion_auf_antiken_Schriften_am.xml.txt","2018"
"453","HUG_Marius__BeWeB_3D___Zur_Digitalisierung_interaktiver_Buch.xml.txt","2018"
"454","JACKE_Janina_Digital_vs__Humanities__Didaktische_Aufbereitun.xml.txt","2018"
"455","KAMOCKI_Pawel_CLARIN_Legal_Information_Plattformen_und_Legal.xml.txt","2018"
"456","KAMOCKI_Pawel_Das_neue__Gesetz_zur_Angleichung_des_Urheberre.xml.txt","2018"
"457","KESSLER_Linda_Entitäten_im_Fokus_am_Beispiel_von_Captivity_N.xml.txt","2018"
"458","KLAFFKI_Lisa__Kann_man_da_eben_mal_was_eintragen_und_visuali.xml.txt","2018"
"459","KLEMSTEIN_Franziska_Denkmalpflege_in_der_DDR__Analoge_Netzwe.xml.txt","2018"
"460","KLEYMANN_Rabea_Perspektiven_kritischer_Interfaces_für_die_Di.xml.txt","2018"
"461","KLINGER_Roman_A_Reporting_Tool_for_Relational_Visualization_.xml.txt","2018"
"462","KLINGER_Roman_Digitale_Modellierung_von_Figurenkomplexität_a.xml.txt","2018"
"463","KNOTH_Alexander_Dokumentenarbeit_mit_hierarchisch_strukturie.xml.txt","2018"
"464","KOCH_Carina_Die_illustrierte_Postkarte_und_die_digitalen_Gei.xml.txt","2018"
"465","KONLE_Leonard_Analysing_Direct_Speech_in_German_Novels.xml.txt","2018"
"466","KOUMPIS_Adamantios_Memes_produzieren_digitale_Gefühle__Die_S.xml.txt","2018"
"467","KRAEMER_Der_Stachel_des_Digitalen.xml.txt","2018"
"468","KRAUTTER_Benjamin_Quantitatives__close_reading___Vier_mikroa.xml.txt","2018"
"469","KRÖGER_Bärbel_Kleriker_des_Alten_Reiches_in_der_Digitalen_We.xml.txt","2018"
"470","KRONENWETT_Simone_Die_Macht_der_Daten___vom_konsequenten_Umg.xml.txt","2018"
"471","KRUG_Markus_Annotation_and_beyond___Using_ATHEN.xml.txt","2018"
"472","LAUBROCK_Jochen_Computationale_Beschreibung_visuellen_Materi.xml.txt","2018"
"473","LAUER_Gerhard_Kulturelle_Evolution__Zur_Kritik_der_literatur.xml.txt","2018"
"474","LEBHERZ_Daniel_Text_Mining_und_Computersimulation_zur_Analys.xml.txt","2018"
"475","LINDEMANN_David__Lexikographie__Explizite_und_implizite_Vero.xml.txt","2018"
"476","LÖCKER_HERSCHKOWITZ_Johannes_A__Fachspezifische_Herausforder.xml.txt","2018"
"477","LOEBEL_Jens_Martin_Digitale_Wissenschaft___Eine_Podcastreihe.xml.txt","2018"
"478","LORDICK_Harald_Annotationen_anhand_der_Gemeinsamen_Normdatei.xml.txt","2018"
"479","MANDL_Thomas_Hinterlistig___schelmisch___treulos___Sentiment.xml.txt","2018"
"480","MATHIAK_Brigitte_Nutzertests_an_kritischen_Editionen___Print.xml.txt","2018"
"481","MAYR_Eva_Digital_HUMANities___Eine_benutzerzentrierte_Perspe.xml.txt","2018"
"482","MOELLER_Katrin_Die_Summe_geisteswissenschaftlicher_Methoden_.xml.txt","2018"
"483","MOELLER_Katrin_Ist_kooperativ_jetzt_umsonst__Die_Ausweisung_.xml.txt","2018"
"484","MONDACA_Francisco_Syndred___A_Syntax_Driven_Editor_for_Lexic.xml.txt","2018"
"485","MÜLLER_Andreas_Digitized_Inhumanities__Qualitative_Inhaltsan.xml.txt","2018"
"486","MÜLLER_BIRN_Claudia_Wikidata__Nutzungsmöglichkeiten_und_Anwe.xml.txt","2018"
"487","MÜNSTER_Sander_Modellathon__Digitale_3D_Rekonstruktion__.xml.txt","2018"
"488","MÜNSTER_Sander_Stadtgeschichtliche_Forschung_und_Vermittlung.xml.txt","2018"
"489","NASAREK_Robert_Die_Ontologie_historischer_deutschprachiger_B.xml.txt","2018"
"490","NEOVESKY_Anna_IncipitSearch___Vernetzung_musikwissenschaftli.xml.txt","2018"
"491","NEUBER_Frederike_Alles_ist_im_Fluss___Ressourcen_und_Rezensi.xml.txt","2018"
"492","NEUEFEIND_Claes__VedaWeb___eine_webbasierte_Plattform_für_di.xml.txt","2018"
"493","ODEBRECHT_Carolin_Suche_und_Visualisierung_von_Annotationen_.xml.txt","2018"
"494","PFEIFFER_Jasmin_Realität_programmieren__Zum_Einfluss_von_Alg.xml.txt","2018"
"495","PIELSTRÖM_Steffen__Embedded_Humanities.xml.txt","2018"
"496","PIELSTRÖM_Steffen_LDA_Topic_Modeling_über_ein_graphisches_In.xml.txt","2018"
"497","PÖCKELMANN_Marcus__Entwicklungsstand_im_Projekt_Digital_.xml.txt","2018"
"498","POLLIN_Christopher__MEDEA__Datenkonsistenz_mittels_Ontologie.xml.txt","2018"
"499","PROISL_Thomas_Delta_vs__N_Gram_Tracing__Wie_robust_ist_die_A.xml.txt","2018"
"500","RADISCH_Erik_Contextualizing_Bandera__Ein_Distant_Watching_A.xml.txt","2018"
"501","RAU_Felix_Audio_Mining_für_die_Geistes__und_Kulturwissenscha.xml.txt","2018"
"502","RAUNIG_Michael_Digitale_Methoden_sind_weder_digital_noch_inn.xml.txt","2018"
"503","REBORA_Simone_The_Tiroler_Soldaten_Zeitung_and_its_.xml.txt","2018"
"504","REITER_Nils_Maschinelles_Lernen_lernen__Ein_CRETA_Hackatoria.xml.txt","2018"
"505","REITER_Nils_SANTA__Systematische_Analyse_Narrativer_Texte_du.xml.txt","2018"
"506","RESCH_Claudia_Historische_Zeitungen_kollaborativ_erschließen.xml.txt","2018"
"507","ROEDER_Torsten_Horizontales_Lesen__Das__Verdi_Requiem__und_d.xml.txt","2018"
"508","ROLSHOVEN_Jürgen_Strings_Structures.xml.txt","2018"
"509","RÜDIGER_Jan_Oliver_CorpusExplorer_v2_0___Seminartauglich_in_.xml.txt","2018"
"510","RUIZ_FABO_Pablo_DISCO__Diachronic_Spanish_Sonnet_Corpus.xml.txt","2018"
"511","SCHASSAN_Torsten__Im_Netz_der_Möglichkeiten___Wechselwirkung.xml.txt","2018"
"512","SCHILZ_Andrea_Exakt_Historisch_im_Digitalen__Versu.xml.txt","2018"
"513","SCHLESINGER_Claus_Michael_Die_Max_Bense_Collection__Digitale.xml.txt","2018"
"514","SCHLÖGL_Matthias_Biographik_in_den_Digital_Humanities___Krit.xml.txt","2018"
"515","SCHLUPKOTHEN_Frederik_Zwischen_Polysemie_und_Formalisierung_.xml.txt","2018"
"516","SCHMIDT_Thomas__Kann_man_denn_auch_nicht_lachend_sehr_ernsth.xml.txt","2018"
"517","SCHÖCH_Christof_Burrows_Zeta__Varianten_und_Evaluation.xml.txt","2018"
"518","SCHOLGER_Walter_Rechtsfragen_in_DH_Projekten__Alles__was_man.xml.txt","2018"
"519","SCHOLZ_Martin_Digitale_Sammlungserschlie_ung_mit_WissKI_und_.xml.txt","2018"
"520","SCHOLZ_Martin_Objekte_im_Netz___Die_Digitalisierung_der_Samm.xml.txt","2018"
"521","SCHRADE_Torsten_Research_Software_Engineering_und_Digital_Hu.xml.txt","2018"
"522","SCHUBERT_Charlotte_Workshop_eComparatio__Textvergleich_und_d.xml.txt","2018"
"523","SCHULZ_Daniela_Abgrenzung_oder_Entgrenzung__Zum_Spannungsver.xml.txt","2018"
"524","SCHWENGELBECK_Isabel_TEI_Editionswerkstatt_Urkunden_UPB__.xml.txt","2018"
"525","SEIDEL_Henry_DH_Toolvergleich_im_Hinblick_auf_Texte_historis.xml.txt","2018"
"526","SELTMANN_Melanie__Kollaborativ_arbeiten_und_annotieren___Die.xml.txt","2018"
"527","SPERBERG-MCQUEEN_Kritik_der_digitalen_Vernunft.xml.txt","2018"
"528","SPORLEDER_Caroline_Chancen_und_Grenzen_von_Digitalen_Methode.xml.txt","2018"
"529","STADLER_Peter__Storied_Collections___Ein_kritischer_Blick_au.xml.txt","2018"
"530","STEINER_Elisabeth_Virtuelle_Ausstellungen_und_Rundgänge__dig.xml.txt","2018"
"531","STEYER_Timo_Peer_to_Peer_statt_Client_Server__Der_Mehrwert_k.xml.txt","2018"
"532","STROBEL_Jochen_Zur_Zukunft_der_Digitalen_Briefedition___koop.xml.txt","2018"
"533","TABTI_Samira_What_do_you_do_with_5_million_posts__Versuche_z.xml.txt","2018"
"534","TRATTER_Aaron_Rudolf_Ambraser_Heldenbuch__Transkription_und_.xml.txt","2018"
"535","TRILCKE_Peer_Dramenquartett___Eine_didaktische_Intervention.xml.txt","2018"
"536","TRIPPEL_Thorsten_Gute_Forschungsdaten__bessere_Forschung__wi.xml.txt","2018"
"537","ULLRICH_Sabine__Aufdecken_von__versteckten__Einflüssen__Teil.xml.txt","2018"
"538","VERTAN_Cristina_Eine_Fallstudie_zur_Annotation_von_Vagheit_i.xml.txt","2018"
"539","WINDHAGER_Florian_Zur_Weiterentwicklung_des__cognition_suppo.xml.txt","2018"
"540","WISSIK_Tanja_ELEXIS___Eine_europäische_Forschungsinfrastrukt.xml.txt","2018"
"541","WISSIK_Tanja_MeuchelmörderInnen__KindsmörderInnen__DiebInnen.xml.txt","2018"
"542","ZIRKER_Angelika_Ambiguität_und_Annotation__Herausforderungen.xml.txt","2018"
"543","ZIRKER_Angelika_TEASys__Kollaborative_digitale_Annotationen_.xml.txt","2018"
"544","103_final-KUCZERA_Andreas_Aristoteles_multimodal___Mit_ediarum_in_den_.xml.txt","2019"
"545","104_final-KLEYMANN_Rabea_Prototypen_als_Proto_Theorie____Pl_doyer_eine.xml.txt","2019"
"546","106_final-SEEMANN_Nina_UPB_Annotate__Ein_maßgeschneidertes_Toolkit_für.xml.txt","2019"
"547","108_final-HODEL_Tobias_Automatic_Text_and_Feature_Recognition__Mit_REA.xml.txt","2019"
"548","109_final-WEHRHEIM_Lino_Von_Wirtschaftsweisen_und_Topic_Models__50_Jah.xml.txt","2019"
"549","111_final-STEYER_Timo_Barcamp__Digitales_Publizieren_zwischen_Experime.xml.txt","2019"
"550","112_final-GEIERHOS_Michaela_Potentielle_Privatsphäreverletzungen_aufde.xml.txt","2019"
"551","113_final-MANDL_Thomas_Herausforderungen_für_die_Klassifikation_histor.xml.txt","2019"
"552","115_final-CALVO_TELLO_Jose_Gattungserkennung_über_500_Jahre.xml.txt","2019"
"553","116_final-WUTTKE_Ulrike_Die_PARTHENOS_Training_Suite.xml.txt","2019"
"554","119_final-SCHASSAN_Torsten_Erneuerung_der_Digitalen_Editionen_an_der_H.xml.txt","2019"
"555","120_final-REUL_Christian_State_of_the_Art_Optical_Character_Recognitio.xml.txt","2019"
"556","121_final-KOHLE_Hubertus_Museum_Analytics__Ein_Online_Tool_zur_verglei.xml.txt","2019"
"557","122_final-MEYER_Nils_Sachthematische_Zugänge_im_Archivportal_D_am_Beis.xml.txt","2019"
"558","126_final-RÖSSEL_Julia_Auf_alles_gefasst__Metadaten_im_Virtuellen_Kupf.xml.txt","2019"
"559","127_final-REUL_Christian_Korrektur_von_fehlerhaften_OCR_Ergebnissen_du.xml.txt","2019"
"560","130_final-HALL_Mark_DH_is_the_Study_of_dead_Dudes.xml.txt","2019"
"561","131_final-HOWANITZ_Gernot_Den_Menschen_als_Zeichen_lesen__Quantitative.xml.txt","2019"
"562","132_final-SCHMIDT_Thomas_Qualitätsstandards_und_Interdisziplinarität_i.xml.txt","2019"
"563","133_final-SCHMIDT_Thomas_Eine_Basis_Architektur_für_den_Zugriff_auf_mu.xml.txt","2019"
"564","134_final-BRUNNER_Annelen_Das_Redewiedergabe_Korpus.xml.txt","2019"
"565","135_final-GEELHAAR_Tim_Das_Latin_Text_Archive__LTA____Digitale_Histori.xml.txt","2019"
"566","137_final-ZIMMER_Sebastian_Das_Niklas_Luhmann_Archiv___Ein_multimedial.xml.txt","2019"
"567","138_final-DONIG_Simon_Vom_Bild_zum_Text_und_wieder_zurück.xml.txt","2019"
"568","139_final-TU_Ngoc_Duyen_Tanja_Automatic_recognition_of_direct_speech_w.xml.txt","2019"
"569","142_final-HORSTMANN_Jan_Texte_digital_annotieren_und_analysieren_mit_C.xml.txt","2019"
"570","143_final-HOENEN_Armin_Rooting_through_Direction___New_and_Old_Approac.xml.txt","2019"
"571","144_final-SCHNEIDER_Stefanie_über_die_Ungleichheit_im_Gleichen__Erkenn.xml.txt","2019"
"572","145_final-RITTERSHAUS_David_Tanz_annotieren_Zur_Entstehung_den_Mögl.xml.txt","2019"
"573","146_final-KUROCZYNSKI_Piotr_Historic_Building_Information_Modeling__hB.xml.txt","2019"
"574","147_final-KLAUS_Carsten_OCR_Nachkorrektur_des_Royal_Society_Corpus.xml.txt","2019"
"575","149_final-KRUG_Markus_Detecting_Character_References_in_Literary_Novel.xml.txt","2019"
"576","150_final-FISCHER_Frank_Programmable_Corpora___Die_digitale_Literaturw.xml.txt","2019"
"577","151_final-WILLAND_Marcus_Ein_neues_Format_für_die_Digital_Humanities__.xml.txt","2019"
"578","153_final-MEISSNER_Cordula_Das_GeSIG_Inventar_Eine_Ressource_für_die_.xml.txt","2019"
"579","154_final-RISSLER_PIPKA_Nanette_Zeitungen_und_Zeitschriften_als_multim.xml.txt","2019"
"580","155_final-TOSCHKA_Patrick_Semantisch_angereicherte_Präsentationsschich.xml.txt","2019"
"581","156_final-MEYER_SICKENDIEK_Burkhard_Deep_Learning_als_Herausforderung_.xml.txt","2019"
"582","159_final-LAUBROCK_Jochen_Grundzüge_einer_visuellen_Stilometrie.xml.txt","2019"
"583","160_final-PATTEE_Aaron_Pfälzische_Burgen_und_ihre_Umgebung_im_Mittelal.xml.txt","2019"
"584","161_final-PRAGER_Christian_Jadescheibe_oder_Kreis___Reflexion__ber_man.xml.txt","2019"
"585","162_final-MESSEMER_Heike_Wissenschaftliche_Rezeption_digitaler_3D_Reko.xml.txt","2019"
"586","163_final-BAILLOT_Anne_Automatische_Übersetzung_als_Bestandteil_eines_.xml.txt","2019"
"587","165_final-DEWITZ_Leyla_Usability_Testing_für_Softwarewerkzeuge_in_den_.xml.txt","2019"
"588","169_final-PRELL_Martin_Ein_Editionsportal_nicht_nur_für_Th_ringen.xml.txt","2019"
"589","174_final-ALTHOF_Daniel_Standardisierte_Medien__Ein_Paradigmenwechsel_.xml.txt","2019"
"590","180_final-DOGUNKE_Swantje_Bauanleitung_für_einen_Forschungsraum_mit_in.xml.txt","2019"
"591","181_final-KONLE_Leonard_Makroanalytische_Untersuchung_von_Heftromanen.xml.txt","2019"
"592","182_final-HOMBURG_Timo_Ein_unscharfer_Suchalgorithmus_für_Transkriptio.xml.txt","2019"
"593","183_final-KREMER_Gerhard_Maschinelles_Lernen_lernen__Ein_CRETA_Hackato.xml.txt","2019"
"594","184_final-NEUEFEIND_Claes_Technologienutzung_im_Kontext_Digitaler_Edit.xml.txt","2019"
"595","185_final-ANDORFER_Peter_DHd_2019_Book_of_Abstracts_Hackathon.xml.txt","2019"
"596","186_final-MÜLLER_Andreas_Zedlers_fehlende_Seiten__Digitale_Quellenkrit.xml.txt","2019"
"597","188_final-SCHLUPKOTHEN_Frederik_FormIt__Eine_multimodale_Arbeitsumgebu.xml.txt","2019"
"598","189_final-KESSELHEIM_Wolfgang_Besucherexperimente_im_Science_Center__W.xml.txt","2019"
"599","190_final-KURZ_Stephan_Herausforderungen_für_Thementhesauri_und_Sachre.xml.txt","2019"
"600","191_final-GIUS_Evelyn_Korpuserstellung_als_literaturwissenschaftliche_.xml.txt","2019"
"601","193_final-USLU_Tolga_text2ddc_meets_Literature___Ein_Verfahren_für_die.xml.txt","2019"
"602","194_final-DIEHR_Franziska_Open_Graph_Space___Einsatz_und_Potenzial_von.xml.txt","2019"
"603","195_final-DIMPEL_Friedrich_Gute_Wörter_für_Delta__Verbesserung_der_Aut.xml.txt","2019"
"604","196_final-MEYER_Peter_Leistungsfähige_und_einfache_Suchen_in_lexikogra.xml.txt","2019"
"605","198_final-FRANKEN_Lina_Die_Generierung_von_Wortfeldern_und_ihre_Nutzun.xml.txt","2019"
"606","199_final-HOHMANN_Georg_Herausforderungen_des_Digital_Storytelling_am_.xml.txt","2019"
"607","200_final-TONNE_Danah_Ein_Web_Annotation_Protocol_Server_zur_Untersuch.xml.txt","2019"
"608","201_final-SCHULZ_Julian_Modellprojekt__eHumanities___interdisziplin_r_.xml.txt","2019"
"609","202_final-MÜHLEDER_Peter_I_like_to_PROV_it__Ein_Data_Object_Provenance.xml.txt","2019"
"610","204_final-TRAUTMANN_Marjam_DER_STURM__Digitale_Quellenedition_zur_Gesc.xml.txt","2019"
"611","205_final-DRUSKAT_Stephan_Versionskontrolle_mit_Git___Kollaboratives_A.xml.txt","2019"
"612","206_final-POHL_Oliver_Paleocoran__Virtuelle_Rekonstruktion_von_Koranko.xml.txt","2019"
"613","207_final-ULLRICH_Sabine_Weltkulturerbe_international_digital__Erweite.xml.txt","2019"
"614","209_final-KÖNIG_Mareike_Wissenschaftliches_Bloggen_mit_de_hypotheses.xml.txt","2019"
"615","210_final-POHL_Oliver_eXist_db_und_VueJS_für_dynamische_UI_Komponenten.xml.txt","2019"
"616","212_final-DUNST_Alexander_Multimodale_Stilometrie__Herausforderungen_u.xml.txt","2019"
"617","215_final-SIKORA_Uwe_Interlinked__Schriftzeugnisse_der_klassischen_May.xml.txt","2019"
"618","216_final-MOELLER_Katrin_Methoden_auf_der_Testbank__Ein_interdisziplin.xml.txt","2019"
"619","217_final-HELLING_Patrick_Umfrage_zu_Forschungsdaten_in_den_Geistes__u.xml.txt","2019"
"620","218_final-HEMATI_Wahed_Der_TextImager_als_Front__und_Backend_für_das_v.xml.txt","2019"
"621","219_final-WACHTER_Christian__Medialization_follows_function___Multimod.xml.txt","2019"
"622","220_final-SCHLÖR_Daniel_Multimedia_aus_Rezipientenperspektive__Wirkung.xml.txt","2019"
"623","222_final-BURGHARDT_Manuel__The_Bard_meets_the_Doctor____Computergest_.xml.txt","2019"
"624","223_final-PAGENSTECHER_Cord_Interview_Sammlungen___Digitale_Erschlie_u.xml.txt","2019"
"625","224_final-DUMONT_Stefan_CMIF_Creator___digitale_Briefverzeichnisse_lei.xml.txt","2019"
"626","226_final-ABRAMI_Giuseppe_VAnnotatoR__Ein_Werkzeug_zur_Annotation_mult.xml.txt","2019"
"627","227_final-ROEDER_Torsten_Digital_Humanities__from_Scratch_.xml.txt","2019"
"628","228_final-SPORLEDER_Caroline_Multimodales_Zusammenspiel_von_Text_und_e.xml.txt","2019"
"629","229_final-BÜRGERMEISTER_Martina_Mit_neuen_Suchstrategien_vom_isolierte.xml.txt","2019"
"630","230_final-SPORLEDER_Caroline_Multimodale_Sentimentanalyse_politischer_.xml.txt","2019"
"631","231_final-FORNEY_Christian_Vom_Stellenkommentar_zum_Netzwerk_und_zur_c.xml.txt","2019"
"632","233_final-KOCH_Gertraud_Automatisierungspotenziale_in_der_qualitativen.xml.txt","2019"
"633","234_final-WETTLAUFER_Jörg_Linked_Open_Travel_Data__Erschließung_gesell.xml.txt","2019"
"634","235_final-WETTLAUFER_Jörg_Text_Mining_mit_Open_Semantic__Desktop__Sear.xml.txt","2019"
"635","237_final-SELTMANN_Melanie_E__H__Kann_Nonstandard_standardisiert_werde.xml.txt","2019"
"636","238_final-MÜNSTER_Sander_Das_Wissen_in_der_3D_Rekonstruktion.xml.txt","2019"
"637","239_final-KRAUTTER_Benjamin_Klassifikation_von_Titelfiguren_in_deutsch.xml.txt","2019"
"638","241_final-NEUBER_Frederike_Distant_Letters__Methoden_und_Praktiken_zur.xml.txt","2019"
"639","242_final-DIEHR_Franziska_Wie_katalogisiert_man_eigentlich_virtuelle_R.xml.txt","2019"
"640","243_final-GÖRZ_Günther_Linked_Biondo___Modelling_Geographical_Features.xml.txt","2019"
"641","246_final-KÖNIG_Mareike_Wandel_in_der_Wissenschaftskommunikation__Erge.xml.txt","2019"
"642","247_final-SCHAEBEN_Marcel_Mapping_the_Moralized_Geography_of__Paradise.xml.txt","2019"
"643","248_final-TOSCANO_Roberta_Netzwerkanalyse_für_Historiker__Probleme_und.xml.txt","2019"
"644","249_final-SCHWAPPACH_Florin_Augmentierte_Notizb_cher_und_Nat_rliche_In.xml.txt","2019"
"645","250_final-VAUTH_Michael_Netzwerkanalyse_narrativer_Informationsvermitt.xml.txt","2019"
"646","252_final-WALKOWSKI_Niels_Oliver_Scalable_Viewing_in_den_Filmwissensch.xml.txt","2019"
"647","254_final-RETTINGHAUS_Klaus_Semantische_Minimal_Retrodigitalisierung_v.xml.txt","2019"
"648","255_final-PIELSTR_M_Steffen_Ein_GUI_Topic_Modeling_Tool_mit_interaktiv.xml.txt","2019"
"649","256_final-BUSCH_Anna_Skalierbare_Exploration__Prototypenstudie_zur_Vis.xml.txt","2019"
"650","257_final-GÖTZELMANN_Germaine_Wie_sich_die_Bilder_gleichen__Bildähnlic.xml.txt","2019"
"651","258_final-WAGNER_Andreas_Multimodale_Versuche_der_Alignierung_historis.xml.txt","2019"
"652","259_final-TÜRKOGLU_Enes_Vom_Digitalisat_zum_Kontextualisat___einige_Ge.xml.txt","2019"
"653","260_final-VITT_Thorsten_Intervalle__Konflikte__Zyklen__Modellierung_vo.xml.txt","2019"
"654","262_final-FRITZE_Christiane_010_Jahre_IDE_Schools___Erfahrungen_und_En.xml.txt","2019"
"655","264_final-NASAREK_Robert_Texterkennung_mit_Ocropy___Vom_Bild_zum_Text.xml.txt","2019"
"656","265_final-HERRMANN_Elisa_Vom_gedruckten_Werk_zu_elektronischem_Volltex.xml.txt","2019"
"657","266_final-JAROSCH_Julian_Graphentechnologien_in_den_Digital_Humanities.xml.txt","2019"
"658","267_final-BLUMTRITT_Jonathan_Metadaten_im_Zeitalter_von_Google_Dataset.xml.txt","2019"
"659","269_final-VOGELER_Georg_Von_IIIF_zu_IPIF__Ein_Vorschlag_für_den_Datena.xml.txt","2019"
"660","270_final-OVER_Berthold_Multimodale_Anreicherung_von_Noteneditionen__E.xml.txt","2019"
"661","271_final-STAECKER_Thomas__Eine_digitale_Edition_kann_man_nicht_sehen_.xml.txt","2019"
"662","273_final-KISSINGER_Timo_Nomisma_org__Numismatik_und_das_Semantic_Web.xml.txt","2019"
"663","275_final-SCHUMACHER_Mareike_Social_Media__YouTube_und_Co__Multimedial.xml.txt","2019"
"664","276_final-PROISL_Thomas_Dependenzbasierte_syntaktische_Komplexitätsma_.xml.txt","2019"
"665","278_final-HANNESSCHLAEGER_Vanessa_Forschung_öffnen__Möglichkeiten__Pot.xml.txt","2019"
"666","279_final-WEICHSELBAUMER_Nikolaus_Automatic_Font_Group_Recognition_in_.xml.txt","2019"
"667","281_final-HEDELAND_Hanna_Annotation_gesprochener_Daten_mit_WebAnno_MM.xml.txt","2019"
"668","282_final-MUKHAMETOV_Sergey_Interaktion_im_öffentlichen_Raum__Von_der_.xml.txt","2019"
"669","283_final-GERHARDS_Donata_Gutenberg_Biographics___der_Mainzer_Professo.xml.txt","2019"
"670","284_final-FRICKE_STEYER_Henrike_Digitales_Publizieren_im_Spiegel_der_Z.xml.txt","2019"
"671","286_final-HELLING_Patrick_Wie_es_Euch_gefällt__Perspektiven_wissenscha.xml.txt","2019"
"672","288_final-SCHLÖGL_Matthias_HistoGIS__Vom_Punkt_zur_Fläche_in_Raum_und_.xml.txt","2019"
"673","289_final-SCHOLGER_Martina_Das_Notizbuch_als_Ideenspeicher_und_Forschu.xml.txt","2019"
"674","290_final-SCHÜLLER_Daniel_Multimediale_Modelle_multimodaler_Kommunikat.xml.txt","2019"
"675","291_final-UHRIG_Peter_Eine_Infrastruktur_zur_Erforschung_multimodaler_.xml.txt","2019"
"676","292_final-KOLODZIE_Lisa_Bildbezogenes_Machine_Learning_anhand_der_Glas.xml.txt","2019"
"677","293_final-MOISICH_Oliver_Multimedia_Markup_Editor__M3___Semi_Automatis.xml.txt","2019"
"678","294_final-MAYR_Eva_Visualisierung_zwischen_Pluralismus_und_Fragmentier.xml.txt","2019"
"679","DIESNER_Understanding_Social_Structure_and_Behavior.xml.txt","2019"
"680","FLUECKIGER_Keynote.xml.txt","2019"
"681","102_final-LÜSCHOW_Andreas_Automatische_Extraktion_und_semantische_Mode.xml.txt","2020"
"682","105_final-STEYER_Timo_Abstract_Enhancement__Potentiale_der_Dhd_Konfere.xml.txt","2020"
"683","107_final-HADERSBECK_Maximilian_Nachlass_Ludwig_Wittgenstein__Software.xml.txt","2020"
"684","108_final-HADERSBECK_Maximilian_Spielräume_bei_der_Retroperspektivisch.xml.txt","2020"
"685","109_final-WÜBBENA_Thorsten_Intermediation_der_Forschungsinfrastruktur.xml.txt","2020"
"686","110_final-NICKA_Isabella_Erzählerische_Spielräume__Medienübergreifende.xml.txt","2020"
"687","111_final-DOGUNKE_Swantje_Partizipatives_Design_in_Digital_Humanities_.xml.txt","2020"
"688","113_final-WEIMER_Lukas_Stilometrische_Untersuchung_von_Figurenreden_in.xml.txt","2020"
"689","114_final-MEYER_SICKENDIEK_Burkhard_Requirements_on_the_Punctuation_Re.xml.txt","2020"
"690","115_final-SCHOLZ_Martin_Aufbau_und_Erfahrungen_aus_dem_Digital_Humanit.xml.txt","2020"
"691","116_final-KREMER_Gerhard_Maschinelles_Lernen_lernen__Ein_CRETA_Hackato.xml.txt","2020"
"692","117_final-HODEL_Tobias_Best_practices_zur_Erkennung_alter_Drucke_und_H.xml.txt","2020"
"693","118_final-HOWANITZ_Gernot_Deep_Learning_für_visuelle_Medien__Annotatio.xml.txt","2020"
"694","119_final-ROEDER_Torsten_Game_On_.xml.txt","2020"
"695","121_final-LANDES_Lisa_Geschichte_aus_erster_Hand___Der_Aufbau_eines_na.xml.txt","2020"
"696","122_final-FRANKEN_Lina_Anwendungen_von_DH_Methoden_in_der_Erschließung.xml.txt","2020"
"697","125_final-WEHNER_Maximilian_OCR4all___Eine_semi_automatische_Open_Sour.xml.txt","2020"
"698","127_final-ALBRECHT_Jens_CASOTEX___Ein_Projekt__das_sozialwissenschaftl.xml.txt","2020"
"699","128_final-FREYBERG_Linda_Ikonizität_als_Erkenntnismittel___Vollständig.xml.txt","2020"
"700","129_final-HEINIG_Julia_Spielräume_des_digitalen_Publizierens_nutzen__D.xml.txt","2020"
"701","130_final-KRÖBER_Cindy_BILDREPOSITORIEN_UND_FORSCHUNG_MIT_DIGITALEN_BI.xml.txt","2020"
"702","134_final-SCHMIDT_David_Integrating_user_specified_Knowledge_for_semi_.xml.txt","2020"
"703","135_final-ECKL_Markus_Der_Event_Crawl_als_Ansatz_für_den_Aufbau_von_We.xml.txt","2020"
"704","136_final-PAGEL_Janis_Vom_Phänomen_zur_Analyse___ein_CRETA_Workshop_zu.xml.txt","2020"
"705","137_final-KRAFT_Anneli_Das_gute_Glas___Glasgestaltung_im_Zeitalter_der.xml.txt","2020"
"706","139_final-WEICHSELBAUMER_Nikolaus_The_rapid_rise_of_Fraktur.xml.txt","2020"
"707","140_final-BERNHART_Toni__As_a_Hobby_at_First_.xml.txt","2020"
"708","141_final-FISCHER_Frank_Besuch_im__Marstheater____Eine_Netzwerkmodelli.xml.txt","2020"
"709","142_final-IHDEN_Sarah_Varianz__Ambiguität__Unsicherheit__Methodische_S.xml.txt","2020"
"710","143_final-HORSTMANN_Jan_Interpretationsspielräume__Undogmatisches_Anno.xml.txt","2020"
"711","146_final-ROLLER_Ramona_Welche_Beziehungen_steuern_das_Briefkorrespond.xml.txt","2020"
"712","147_final-REITER_Nils_Intertextualität_in_literarischen_Texten_und_dar.xml.txt","2020"
"713","148_final-DU_Keli_Der_Spielraum_zwischen__zu_wenig__und__zu_viel_.xml.txt","2020"
"714","149_final-GÖRZ_Günther_A_Linked_Open_Data_Platform_for_Historical_Geog.xml.txt","2020"
"715","150_final-WUTTKE_Ulrike_Wege_bereiten__vermitteln_und_Denkräume_schaff.xml.txt","2020"
"716","153_final-WIEDMER_Nathalie_Romeo__Freund_des_Mercutio__Semi_Automatisc.xml.txt","2020"
"717","154_final-HELLING_Patrick_Geisteswissenschaftliches_Forschungsdatenman.xml.txt","2020"
"718","156_final-HORSTMANN_Jan_Routinen__Ressourcen_und_Tools_der_digitalen_T.xml.txt","2020"
"719","157_final-HALL_Mark_Die_Kanonfrage_2_0.xml.txt","2020"
"720","158_final-BÜRGERMEISTER_Martina_Becoming_Urban__Ein_Spiel_mit_Räumen.xml.txt","2020"
"721","160_final-WICK_Christoph_OMMR4all___ein_semiautomatischer_Online_Edito.xml.txt","2020"
"722","161_final-KECK_Jana_What_s_in_the_news___Erfolgs__Rezepte_für_das_wiss.xml.txt","2020"
"723","162_final-JEGAN_Robin_Anforderungen_an_das_Forschungsdatenmanagement_a.xml.txt","2020"
"724","163_final-HORSTMANN_Jan_Annotieren__Analysieren__Visualisieren___Einf_.xml.txt","2020"
"725","164_final-SAHLE_Patrick_Wie_wir_lesen_könnten__Streamreader_sub_PS__su.xml.txt","2020"
"726","165_final-SCHMIDT_Thomas_BeyondTheNotes__Ein_Tool_zur_quantitativen_An.xml.txt","2020"
"727","166_final-HOMBURG_Timo_____Linked_Ogham_Stones___Semantische_Modellier.xml.txt","2020"
"728","167_final-GIUS_Evelyn_Korpusbereinigung_für_größere_Textmengen.xml.txt","2020"
"729","168_final-GIUS_Evelyn_Computationelle_Textanalyse_als_fünfdimensionale.xml.txt","2020"
"730","169_final-HESSBRÜGGEN_WALTER_Stefan_Positivismus_der_geistigen_Gegenst.xml.txt","2020"
"731","170_final-CAPELLE_Irmlind_Theatre_Tool__Erschließung__Verknüpfung_und_.xml.txt","2020"
"732","171_final-VEIT_Joachim_Würgegriff_oder_Rettungsanker____Interpretation.xml.txt","2020"
"733","173_final-WILLAND_Marcus_Passive_Präsenz_tragischer_Hauptfiguren_im_Dr.xml.txt","2020"
"734","174_final-WEIMER_Lukas_Redewiedergabe_in_Heftromanen_und_Hochliteratur.xml.txt","2020"
"735","176_final-HODEL_Tobias_Maschinelles_Lernen_in_den_Geisteswissenschafte.xml.txt","2020"
"736","177_final-KUNZE_Kristina_Digitalisierung_und_Erschließung_arkaner_Quel.xml.txt","2020"
"737","178_final-ENGL_Elisabeth_Volltexttransformation_frühneuzeitlicher_Druc.xml.txt","2020"
"738","179_final-PRELL_Martin_Altbausanierung_mit_Niveau___die_Digitalisierun.xml.txt","2020"
"739","181_final-BURGHARDT_Manuel_SubRosa___Multi_Feature_Ähnlichkeitsverglei.xml.txt","2020"
"740","183_final-SELTMANN_Melanie_E__H__Doctoral_Consortium__Melanie_E__H__Se.xml.txt","2020"
"741","184_final-THIELERT_Frauke_Merkmale_registrieren_oder_textuelle_Phänome.xml.txt","2020"
"742","185_final-ROSENKÖTTER_Martha_Normdaten_der_Faktenanker_für_Qualität_im.xml.txt","2020"
"743","186_final-SCHULZ_Julian_Schmankerl_Time_Machine.xml.txt","2020"
"744","187_final-BURGHARDT_Manuel__The_Vectorian____Eine_parametrisierbare_Su.xml.txt","2020"
"745","191_final-ULRICH_Mona_Science_Data_Center_für_Literatur.xml.txt","2020"
"746","192_final-KONLE_Lenard_Information_Leakage_in_Sub_Genre_classification.xml.txt","2020"
"747","193_final-HERMES_Jürgen_Public_Humanities_Tools__Der_Bedarf_an_nieders.xml.txt","2020"
"748","194_final-SCHILDKAMP_Philip_Modellierung_und_Verwaltung_von_DH_Anwendu.xml.txt","2020"
"749","195_final-REUL_Christian_Typisierte_Varianz_Analyse_von_Texten.xml.txt","2020"
"750","197_final-ROEDER_Torsten_Digital_Humanities_from_Scratch.xml.txt","2020"
"751","199_final-DRACH_Sviatoslav_StreamReader_sub_SD__sub__0_2___Eine_protot.xml.txt","2020"
"752","200_final-WUTTKE_Ulrike_Barcamp_data_literacy__Datenkompetenzen_in_den.xml.txt","2020"
"753","201_final-RUPPENHOFER_Josef_Orte_in_narrativen_biographischen_Intervie.xml.txt","2020"
"754","202_final-MESSEMER_Heike_3D_Rekonstruktion_als_Werkzeug_der_Quellenref.xml.txt","2020"
"755","203_final-TRAUTMANN_Marjam_Die__Hans_Kelsen_Werke___HKW____eine_rechts.xml.txt","2020"
"756","204_final-PLAKSIN_Anna_Differenz_und_Ähnlichkeit_in_der_computergestüt.xml.txt","2020"
"757","207_final-HALLING_Thorsten_SoNAR__IDH___Datenschnittstellen_für_histor.xml.txt","2020"
"758","210_final-WIENERS_Jan_Gerrit_Showtime___sehen_und_gesehen_werden__Erze.xml.txt","2020"
"759","211_final-MERTGENS_Andreas__Re__Collecting_Theatre_History__Wissensdin.xml.txt","2020"
"760","214_final-SCHROTT_Maximilian_Die_Digitale_Edition_der_Protokolle_des_B.xml.txt","2020"
"761","215_final-IFFLAND_Joachim_Das_Erkenntnispotenzial_Digitaler_Musikediti.xml.txt","2020"
"762","216_final-STEINER_Christian_Spielräume_definieren__Cooking_Recipes_of_.xml.txt","2020"
"763","217_final-SCHLICHT_Helene_Opaque___digitale_Arbeitsumgebung_für_die_Hu.xml.txt","2020"
"764","220_final-KLAFFKI_Lisa_Digitales_Publizieren_im_Spiegel_der_Zeitschrif.xml.txt","2020"
"765","221_final-RASTINGER_Nina_Claudia_Zwischen_geisteswissenschaftlicher_Of.xml.txt","2020"
"766","222_final-PÖCKELMANN_Marcus_Keter_Shem__ov___Prozessualisierung_eines_.xml.txt","2020"
"767","223_final-WISSIK_Tanja_Eine_Programmierschnittstelle_für_Metadaten_zu_.xml.txt","2020"
"768","224_final-DÖRK_Marian_Die_Falte__Ein_Denkraum_für_interaktive_und_krit.xml.txt","2020"
"769","225_final-HILTMANN_Torsten_Friends_with_Benefits__Wie_Deep_Learning_ba.xml.txt","2020"
"770","226_final-SCHUMACHER_Mareike_m_w_Figurengender_zwischen_Stereotypisier.xml.txt","2020"
"771","227_final-KRAUTTER_Benjamin_Ein_Schritt_zurück__Distinktive_Eigenschaf.xml.txt","2020"
"772","228_final-EGGERT_Lisa_Spiele_im_Spiel___Datenbankbasiertes_Arbeiten_zu.xml.txt","2020"
"773","229_final-LASSNER_David_Bias_in_Datensätzen_und_ML_Modellen__Erkennung.xml.txt","2020"
"774","230_final-SCHWANDT_Silke_Hackathon__Sortir_de_la_guerre_.xml.txt","2020"
"775","231_final-LIEDTKE_Clemens_DH_s_Next_Top_Model__Digitale_Editionsentwic.xml.txt","2020"
"776","232_final-BELL_Peter_Critical_Machine_Vision__Eine_Perspektive_für_die.xml.txt","2020"
"777","233_final-HORSTMANN_Jan_Netzwerkanalyse_spielerisch_vermitteln_mit_Dra.xml.txt","2020"
"778","234_final-STEINER_Christian_Cooking_Recipes_of_the_Middle_Ages__Nachnu.xml.txt","2020"
"779","235_final-SCHULTE_Judith_Discovery_Service_TRIPLE.xml.txt","2020"
"780","239_final-KUHN_Jonas_Textanalyse_mit_kombinierten_Methoden___ein_konze.xml.txt","2020"
"781","241_final-VIEHHAUSER_Gabriel_Spielräume_modellieren__Eine_digitale_Edi.xml.txt","2020"
"782","242_final-BUSCH_Hannah_Early_Stage_Digital_Medievalist_Subcommittee.xml.txt","2020"
"783","243_final-GUHR_Svenja_Doctoral_Consortium__Svenja_Guhr.xml.txt","2020"
"784","244_final-GUHR_Svenja_Interdisziplinäres_Streitgespräch___Nutzerkommen.xml.txt","2020"
"785","245_final-SCHOLGER_Walter_Kein_Spiel_raum___Rechtliche_und_ethische_Ra.xml.txt","2020"
"786","246_final-SCHOLGER_Martina_Das_Theater_mit_dem_Theater__Thementransfer.xml.txt","2020"
"787","247_final-SCHMIDT_Thomas_Der_Einsatz_von_Distant_Reading_auf_einem_Kor.xml.txt","2020"
"788","248_final-PIELSTR_M_Steffen_Metadaten_basierte_Visualisierungen_im_Sti.xml.txt","2020"
"789","249_final-ANDRESEN_Melanie_Syntaktische_Profile_für_Interpretationen_j.xml.txt","2020"
"790","250_final-DONIG_Simon_Multimodaler_Bedeutungstransfer_vom_Text_zum_Bil.xml.txt","2020"
"791","251_final-SCHNEIDER_Gerlinde_Erweiterung_eines_Forschungsdatenreposito.xml.txt","2020"
"792","252_final-BURR_Elisabeth_Ein_Spielraum_der_Digital_Humanities__Die_Eur.xml.txt","2020"
"793","254_final-BOHL_Benjamin_W__Einführung_in_TEI_ODD.xml.txt","2020"
"794","255_final-FASSHAUER_Vera_Der_Datenpool_eines_frühneuzeitlichen_Self_Tr.xml.txt","2020"
"795","257_final-VOGELER_Georg_Prosopographische_Interoperabilität___Stand_de.xml.txt","2020"
"796","259_final-REINERS_Stefan_Doctoral_Consortium__Stefan_Reiners.xml.txt","2020"
"797","260_final-GEISSLER_Nils_Der_Haken_von_Frazier__der_Ali_1971_zu_Boden_s.xml.txt","2020"
"798","261_final-DENNERLEIN_Katrin_Datamodelling_Drama_and__Musical_theater.xml.txt","2020"
"799","263_final-SARIC_Sanja_Topic_Modeling_der_Hugo_Schuchardt_Korrespondenz.xml.txt","2020"
"800","265_final-WAGNER_Sarah_Unsichtbares_sichtbar_machen___semantische_Mode.xml.txt","2020"
"801","266_final-GRUND_Vera_Wiener_Ballette.xml.txt","2020"
"802","267_final-ALBERS_Laura_Modellierung_von_Annahmen_als_Basis_für_Rekonst.xml.txt","2020"
"803","268_final-RESCH_Claudia_Digitale_Editionen_im_Spannungsfeld_zwischen_F.xml.txt","2020"
"804","269_final-HEINISCH_Barbara_Sprachvarietätenabhängige_Terminologie_in_d.xml.txt","2020"
"805","271_final-KLAES_Jan_Sebastian_Historische_Schulbücher_als_Spielräume_f.xml.txt","2020"
"806","272_final-NOICHL_Maximilian_Modeling_disciplinary_structure_with_unifo.xml.txt","2020"
"807","273_final-PANNACH_Franziska_Spielräume_zwischen_Yakshis_und_Dibias__Vl.xml.txt","2020"
"808","276_final-KURZ_Stephan_Events__Modellierungen_und_Schnittstellen.xml.txt","2020"
"809","278_final-REUHL_Elisabeth_Keine_Panik__Manifest_für_Softwareentwicklun.xml.txt","2020"
"810","279_final-SCHNEIDER_Philipp_Diskursive_Strukturen_als_öffentliche_Spie.xml.txt","2020"
"811","280_final-HERRMANN_J__Berenike____hungere_schon_nach_dem_nächsten_Band.xml.txt","2020"
"812","281_final-DUAN_Tinghui__Romantik__im_aktuellen_parteipolitischen_Disku.xml.txt","2020"
"813","284_final-GEIGER_Jonathan_Spielplätze_der_Theoriebildung_in_den_Digita.xml.txt","2020"
"814","285_final-EFFINGER_Maria_Das_Werk_bildender_Künstler_innen_im_Kontext_.xml.txt","2020"
"815","286_final-KEPPER_Johannes_Zu_den_Anforderungen_einer_musikalischen_Sti.xml.txt","2020"
"816","FLANDERS_Keynote.xml.txt","2020"
"817","LIU_Keynote.xml.txt","2020"
"818","ACHMANN_Michael_Studying_the_ephemeral__cultures_of_digital_.xml.txt","2022"
"819","ADAMCZAK_Katarzyna_Digitalisierte_Ego_Dokumente_als_Quellen_.xml.txt","2022"
"820","AHMED_Sajawel_Linked_Open_Tafsir___Rekonstruktion_der_Entste.xml.txt","2022"
"821","AKKERMANN_Miriam_Aufführungsinformationen_in_der_Mixed_Music.xml.txt","2022"
"822","ALTHAGE_Melanie_Digitale_Methodenkritik___Die_Integration_co.xml.txt","2022"
"823","ANDORFER_Peter_NERDPool___Datenpool_für_Named_Entity_Recogni.xml.txt","2022"
"824","ANDRESEN_Melanie_Nathan_nicht_ihr_Vater____Wissensvermittlun.xml.txt","2022"
"825","ARNOLD_Eckhart_Parser_bauen_für_dom_nenspezifische_Notatione.xml.txt","2022"
"826","ARNOLD_Frederik_Lesen__was_wirklich_wichtig_ist__Die_Identif.xml.txt","2022"
"827","ARNOLD_Matthias_Building_and_Improving_an_OCR_Classifier_for.xml.txt","2022"
"828","BAGLATZI_Alkyoni_Ontological_modelling_of_the_Greek_Intangib.xml.txt","2022"
"829","BAUER_Bernhard_Projektpräsentation___Early_Medieval_Glosses_.xml.txt","2022"
"830","BERG_Mia_Doing__Digital__History___Kollaborative_Formen_der_.xml.txt","2022"
"831","BERNHART_Toni_Gedächtnis_digitaler_Kulturen_und_digitaler_Ge.xml.txt","2022"
"832","BISCHOFF_Eva_Berlin_s_Australian_Archive__Eine_virtuelle_For.xml.txt","2022"
"833","BLÄSS_Sandra_Forschendes_Lernen_digital.xml.txt","2022"
"834","BLUDAU_Mark_Jan_Was_sehe_ich__Visualisierungsstrategien_für_.xml.txt","2022"
"835","BÖNISCH_Dominik_Training_the_Archive___Von_der_maschinellen_.xml.txt","2022"
"836","BÖRNER_Ingo_Einführung_in_DraCor___Programmable_Corpora_für_.xml.txt","2022"
"837","BRANDL_Stephanie_Textexplorationen_in_der_digitalen_Literatu.xml.txt","2022"
"838","BROTTRAGER_Judith_Doctoral_Consortium__Judith_Brottrager.xml.txt","2022"
"839","BRÜGGEMANN_Viktoria_Von_der_Wolke_zum_Pfad__Visuelle_und_ass.xml.txt","2022"
"840","BÜHLER_Fabian_MUSE4Anything__Ontologiebasierte_Generierung_v.xml.txt","2022"
"841","BURGHARDT_Manuel_Digital_Environmental_Humanities___Zum_Pote.xml.txt","2022"
"842","BUSCH_Anna_Digitale_Archive_für_Literatur.xml.txt","2022"
"843","CHARVAT_Vera_Maria_Computational_Literary_Studies_Data_Lands.xml.txt","2022"
"844","DE_GÜNTHER_Sabine_Digitale_Kontextualisierung_und_Visualisie.xml.txt","2022"
"845","DENNERLEIN_Katrin_Emotionen_im_kulturellen_Ged_chtnis_bewahr.xml.txt","2022"
"846","DOGUNKE_Swantje_Peer_to_Peer_Workshop_zum_Projekt_Management.xml.txt","2022"
"847","DÖRING_Marten_Grenz_berschreitendes_Textmining_von_Historisc.xml.txt","2022"
"848","DRACH_Sviatoslav_Semi_automatische_Erschliessung_von_Rechnung.xml.txt","2022"
"849","DU_Keli_Evaluating_Hyperparameter_Alpha_of_LDA_Topic_Modelin.xml.txt","2022"
"850","DU_Keli_Kontrastive_Textanalyse_mit_pydistinto___Ein_Python_.xml.txt","2022"
"851","ELWERT_Frederik_Brücken_bauen_für_Buddha.xml.txt","2022"
"852","FELDMÜLLER_Tim_Das_Framing_von_Extremismusvarianten_im_media.xml.txt","2022"
"853","FISCHER_Frank_Der_SSH_Open_Marketplace___Kontextualisiertes_.xml.txt","2022"
"854","FISCHER_Frank_Dramatische_Metadaten___Die_Datenbank_deutschs.xml.txt","2022"
"855","FISCHER_NEBMAIER_Wladimir_The_Digitized_minutes_of_the_Habsb.xml.txt","2022"
"856","FLEISCHMANN_Florian_Doctoral_Consortium__Florian_Fleischmann.xml.txt","2022"
"857","FLÜH_Marie_Jung__wild__emotional__Rollen_und_Emotionen_Jugen.xml.txt","2022"
"858","FRANK_Markus_Projektmanagement_für_die_Digital_Humanities.xml.txt","2022"
"859","FRANKEN_Lina_Erweiterungen_der_Digital_Humanities_durch_kult.xml.txt","2022"
"860","FRITZE_Christiane_Manifest_für_digitale_Editionen.xml.txt","2022"
"861","GEBHARD_Henning_Fidus_Writer_als_Alternative_zum_DH_ConValid.xml.txt","2022"
"862","GERSTENBERG_Annette_Die_Sprache_der_Erinnerung___analysieren.xml.txt","2022"
"863","GERSTORFER_Dominik_Kategorientheoretische_Ontologieentwicklu.xml.txt","2022"
"864","GLAWION_Anastasia_Praktiken_der_digitalen_Erinnerung_an_den_.xml.txt","2022"
"865","GÖGGELMANN_Michael_Auf_den_Spuren_einer_altnordischen_Saga__.xml.txt","2022"
"866","GRABSCH_Sascha_Webservice_correspSearch___Version_2.xml.txt","2022"
"867","GRADL_Tobias_Der_CLARIAH_DE_Tutorial_Finder.xml.txt","2022"
"868","GUHR_Svenja_Optimiertes_Peer_Reviewing_in_den_Digital_Humani.xml.txt","2022"
"869","GUTIERREZ_DE_LA_TORRE_Silvia_Eunice_The_Remembered__A_Global.xml.txt","2022"
"870","HAGEN_Thora_Verwendung_von_Wissensgraphen_zur_inhaltlichen_E.xml.txt","2022"
"871","HALL_Mark_Workshop__Repräsentativität_in_digitalen_Archiven.xml.txt","2022"
"872","HECKELEN_Malte_DH2go___Lehr__und_Lernumgebung_für_die_Digita.xml.txt","2022"
"873","HEGEL_Philipp_Die_Aktualität_des_Unzeitgemäßen.xml.txt","2022"
"874","HELLING_Patrick_Der_DHd_Data_Steward___Maßnahmen_zur_Entwick.xml.txt","2022"
"875","HELLING_Patrick_Der_Dienstekatalog_der_AG_Datenzentren___ein.xml.txt","2022"
"876","HELLING_Patrick_Pragmatisches_Forschungsdatenmanagement___qu.xml.txt","2022"
"877","HENNY_KRAHMER_Ulrike_Nachhaltige_Softwareentwicklung___von_d.xml.txt","2022"
"878","HERRMANN_J__Berenike_Lieblingsgegenden__Fenster_und_Mauern__.xml.txt","2022"
"879","HESS_Jan__Ja__jetzt_ist_das_langweilig__Aber_in_zwanzig_Jahr.xml.txt","2022"
"880","HESSBRÜGGEN_WALTER_Stefan_Data_Cleaning_als_digitale_Quellen.xml.txt","2022"
"881","HIGH_STESKAL_Nicole_What_s_in_a_name__Die_Rolle_der_Sprache_.xml.txt","2022"
"882","HINRICHSEN_Lena_Dokument__Transkription__Forschungsdatum__Te.xml.txt","2022"
"883","HINZMANN_Maria_Linked_Open_Data_für_die_Literaturgeschichtss.xml.txt","2022"
"884","HORSTMANN_Jan_Erinnern_durch_Vernetzen__Digitale_Sammlungsfo.xml.txt","2022"
"885","HOWANITZ_Gernot_Kinetik_und_Methodik__Film_als_dynamische_un.xml.txt","2022"
"886","ILLMAYER_Klaus_Mediatheken_der_Darstellenden_Kunst_digital_v.xml.txt","2022"
"887","JANDER_Melina_FAIRes_Datenmanagement_mit_dem_DARIAH_DE_Repos.xml.txt","2022"
"888","JETTKA_Daniel_Softwarezitation_als_Technik_der_Wissenschafts.xml.txt","2022"
"889","KECK_Jana_Beyond_Budweiser__Creating_a_Digital_Archive_of_Po.xml.txt","2022"
"890","KIENBAUM_Janna_Wahrnehmungsstrukturen_und_User_Experience_de.xml.txt","2022"
"891","KINDLER_Sebastian__Das_Puzzle_zusammensetzen___Von_analogen_.xml.txt","2022"
"892","KLAES_Jan_Sebastian_Volltexterkennung_für_historische_Sammlu.xml.txt","2022"
"893","KLAPPENBACH_Lou_Die_Preußische_Monarchie_visualisieren___Ein.xml.txt","2022"
"894","KLAPPENBACH_Lou_Ein_Thesaurus_für_die_digitale_Edition_der__.xml.txt","2022"
"895","KLEMSTEIN_Franziska_Text_Bild_Gefüge__Digital_Humanities_und.xml.txt","2022"
"896","KNECHT_David_HISB_vorgestellt__Eine_virtuelle_Arbeitsumgebun.xml.txt","2022"
"897","KNIERIM_Aenne_Zeitgeschichte_untersuchen__Topic_Modeling_von.xml.txt","2022"
"898","KONLE_Leonard_Genitivmetaphern_in_der_Lyrik_des_Realismus_un.xml.txt","2022"
"899","KÖSTER_Jan_Corpus_Nummorum___eine_digitale_Forschungsinfrast.xml.txt","2022"
"900","KUPER_Heinz_Günter_Who_CAREs__really_.xml.txt","2022"
"901","KURZ_Stephan_Protokolle__Modellierung_einer_administrativen_.xml.txt","2022"
"902","LAMPERT_Marcus_Introduction_to_Docker.xml.txt","2022"
"903","LANG_Sarah_Mithilfe_von_Machine_Reasoning_alchemische_Deckna.xml.txt","2022"
"904","LANGHANKI_Florian_Flexibles_Arbeiten_mit_OCR4all___Massenvol.xml.txt","2022"
"905","LAUBROCK_Jochen_Empirische_Aufmerksamkeitseffekte_multimodal.xml.txt","2022"
"906","LECROQ_Axelle_Entdeckung_der_Korrespondenz_Alexander_von_Hum.xml.txt","2022"
"907","LEYRER_Katharina_Doctoral_Consortium__Katharina_Leyrer.xml.txt","2022"
"908","LORDICK_Harald_Strukturen_und_Impulse_zur_Weiterentwicklung_.xml.txt","2022"
"909","MAYR_Eva_Leben__Werke_und_Datensilos__Zur_Verknüpfung_und_Vi.xml.txt","2022"
"910","MEDING_Holle_Ameriga_Projektvorstellung__Geschichtsvermittlu.xml.txt","2022"
"911","MEIER_VIERACKER_Simon_Aktualität_und_Gedächtnis__Zur_korpusa.xml.txt","2022"
"912","MEISTER_Malte_GitMA_Poster__CATMA_Daten_via_Git_abrufen_und_.xml.txt","2022"
"913","MISCHKE_Dennis_Hackathons_als_kollektiv_kreative_Bildungsere.xml.txt","2022"
"914","MOELLER_Katrin_Automatisierte_Extraktion_und_Klassifikation_.xml.txt","2022"
"915","MOELLER_Katrin_Ethisch___transparent___offen__Die_CARE_Prinz.xml.txt","2022"
"916","MOLLENHAUER_Elisabeth_FDM_Awareness_in_Zeiten_von_Corona__Sa.xml.txt","2022"
"917","MUENSTER_Sander_Multimodale_KI_zur_Unterstützung_geschichtsw.xml.txt","2022"
"918","MÜLLER_Melissa_Möglichkeiten_und_Grenzen_eines_digitalen_bar.xml.txt","2022"
"919","NANTKE_Julia_Best_of_Both_Worlds__Zur_Kombination_algorithmi.xml.txt","2022"
"920","NEUBER_Frederike__Arbeitskulturen__im_Wandel___Erfahrungen_u.xml.txt","2022"
"921","NEUEFEIND_Claes_Das_zoroastrische_Mittelpersische___digitale.xml.txt","2022"
"922","NIELÄNDER_Maret_DiaCollo_für_GEI_Digital__Ein_experimentelle.xml.txt","2022"
"923","ODEBRECHT_Carolin_Referenzierung_des_digitalen_kulturellen__.xml.txt","2022"
"924","PETRAS_Vivien_Fluch_und_Segen_der_Visualisierung__Unterschie.xml.txt","2022"
"925","PFEFFER_Magnus_Japanese_Visual_Media_Graph__Bündelung_des_Wi.xml.txt","2022"
"926","PICHLER_Axel_Vom_Begriff_über_das_Phänomen_zur_Analyse___ein.xml.txt","2022"
"927","PIELSTRÖM_Steffen_Das_DFG_Schwerpunktprogramm_Computational_.xml.txt","2022"
"928","PÖCKELMANN_Marcus_Anpassungen_von_LERA_zum_Vergleich_hebräis.xml.txt","2022"
"929","PURSCHWITZ_Anne_Vom_gedruckten_Gazetteer_zum_digitalen_Ortsv.xml.txt","2022"
"930","RADISCH_Erik_Annotorious___eine_JavaScript_Bibliothek_für_di.xml.txt","2022"
"931","RADMACHER_Emilia__Wertlose__Taggings_und_ihr_Nutzen_für_die_.xml.txt","2022"
"932","RATH_Brigitte_Muster_von__you__und__thou___Modellierung_der_.xml.txt","2022"
"933","REBORA_Simone_Towards_a_Computational_Study_of_German_Book_R.xml.txt","2022"
"934","REINERS_Stefan_What_was_Theoretical_Biology__A_Topic_Modelli.xml.txt","2022"
"935","REITER_Nils_Offen_für_alle_s______Open_Identities_im_Reviewp.xml.txt","2022"
"936","RETTINGHAUS_Klaus_Die_Vermessung_der__musikalischen__Welt.xml.txt","2022"
"937","RICHTS_Kristina_Kultur___Daten___Kuratierung__Was_speichern_.xml.txt","2022"
"938","RISSLER_PIPKA_Nanette_Barcamp___Headlines___Highlights__der_.xml.txt","2022"
"939","ROEDER_Torsten_Aufbau_eines_Referenzkorpus__Erste_Sätze_in_d.xml.txt","2022"
"940","ROSSENOVA_Lozana_Beyond_the_render_silo__semantically_annota.xml.txt","2022"
"941","RÖTTGERMANN_Julia_Literaturgeschichtsschreibung_datenbasiert.xml.txt","2022"
"942","SARIC_Sanja_Das_optimale_Datenmodell__eine_Spurensuche_im_M_.xml.txt","2022"
"943","SCHELTJENS_Werner_Szenario_basierte_Planung_eines_semantisch.xml.txt","2022"
"944","SCHERER_Thomas_AdA_Annotation_Explorer__Ein_Framework_für_ze.xml.txt","2022"
"945","SCHMIDT_David_Adapting_Coreference_Algorithms_to_German_Fair.xml.txt","2022"
"946","SCHMIDT_Thomas_Der_Einsatz_von_Computer_Vision_Methoden_für_.xml.txt","2022"
"947","SCHMIDT_Thomas_Evaluation_computergestützter_Verfahren_der_E.xml.txt","2022"
"948","SCHNEIDER_Philipp_Kontextwissen_zu_historischen_Quellen_im_S.xml.txt","2022"
"949","SCHNEIDER_Sophie_Back__em_up___Computerspiele_als_Objekte_ku.xml.txt","2022"
"950","SCHNEIDER_Stefanie_iART__Eine_Suchmaschine_zur_Unterstützung.xml.txt","2022"
"951","SCHOLGER_Martina_Informationstechnologische_Gedächtnisarbeit.xml.txt","2022"
"952","SCHOLGER_Walter_Datenschutz_in_der_wissenschaftlichen_Praxis.xml.txt","2022"
"953","SCHUMACHER_Mareike__Wie_Wölkchen_im_Morgenlicht____zur_autom.xml.txt","2022"
"954","SCHUMACHER_Mareike_GitMA_oder_CATMA_für_Fortgeschrittene___P.xml.txt","2022"
"955","SEIFERT_Sabine_Datenbiographik_im_Literaturarchiv__Konzept_u.xml.txt","2022"
"956","SELTMANN_Melanie_Elisabeth_H__Digitale_Texte_vom_Religionsfr.xml.txt","2022"
"957","SELTMANN_Melanie_Elisabeth_H__Mein_liebster_Schatz__Das_Citi.xml.txt","2022"
"958","SERIF_Ina_Anzeigen_als_Daten__Dynamisches_Tagging_und_iterat.xml.txt","2022"
"959","SIEBOLD_Anna_Transformation_der_Geschichtsschreibung__Der_Ei.xml.txt","2022"
"960","STALLMANN_Marco_Hemisphären_des_digitalen_Gedächtnisses__Ana.xml.txt","2022"
"961","STEINER_Elisabeth_Repositorien_als_digitale_Gedächtnisträger.xml.txt","2022"
"962","TOMASEK_Stefan_Handwritten_Text_Recognition_und_Word_Mover_s.xml.txt","2022"
"963","TRILCKE_Peer_Poesie_als_Fehler__Ein__Tool_Misuse__Experiment.xml.txt","2022"
"964","TU_Ngoc_Duyen_Tanja_Semantische_Suche_mit_Word_Embeddings_fü.xml.txt","2022"
"965","VARACHKINA_Hanna_Reflexive_Passagen_und_ihre_Attribution.xml.txt","2022"
"966","VAUTH_Michael_Inter_Annotator_Agreement_und_Intersubjektivit.xml.txt","2022"
"967","VOGELER_Georg_Prosopographische_Interoperabilität__IPIF____S.xml.txt","2022"
"968","WALKOWSKI_Niels_Oliver_Executable_Papers_in_den_Computationa.xml.txt","2022"
"969","WINDHAGER_Florian_Daten_im_Raum___Visualisierungen_und_Physi.xml.txt","2022"
"970","WUTTKE_Ulrike_Spotlights__Wie_das_OpenMethods_Metablog_Digit.xml.txt","2022"
"971","ZAAGSMA_Gerben_The_Digital_Archive_and_the_Politics_of_Digit.xml.txt","2022"
"972","_AKIR_D_lan_Canan_Vom_Finden__Filtern_und_Auswerten_der_rele.xml.txt","2023"
"973","AEHNLICH_Barbara_Das_Th_ringische_Flurnamenportal.xml.txt","2023"
"974","ALBANI_Benedetta_From_the_Secret_Archive_to_open_and_fair_ac.xml.txt","2023"
"975","ALTHAGE_Melanie_Digitale_Methoden_kritisch_reflektieren___Di.xml.txt","2023"
"976","ANDRESEN_Melanie_Klassifikation_von_Figurenauf__und__abtritt.xml.txt","2023"
"977","B_RGERMEISTER_Martina_Offene_Werkgenesen__Editionen_und_Arch.xml.txt","2023"
"978","BALCK_Sandra_Digitale_Editionen_von_historischen_Reiseberich.xml.txt","2023"
"979","BAMBERG_Claudia__Zu_Rande_kommen___Ph_nomen_und_Pr_sentation.xml.txt","2023"
"980","BELL_Peter_Open_and_Closed_AI__Eine_Kunstkritik_k_nstlich_ge.xml.txt","2023"
"981","BLUMTRITT_Jonathan_Beginen_in_K_ln__Von_der_Textdatenbank_zu.xml.txt","2023"
"982","BOREK_Luise_Netzwerk_Offenes_Mittelalter.xml.txt","2023"
"983","BRUNNER_Annelen_KoMuX___Der_Kompositamuster_Explorer.xml.txt","2023"
"984","BURCKHARDT_Daniel_Opening_Sources___modulare_Wege_zur_Quelle.xml.txt","2023"
"985","BURGHARDT_Manuel_FakeNarratives___First_Forays_in_Understand.xml.txt","2023"
"986","BURGHARDT_Manuel_Tool_Studies_2_0___Zum_Potenzial_von_Transf.xml.txt","2023"
"987","CALVO_TELLO_Jos__GND_und_Normdaten_f_r_europ_ische_Literatur.xml.txt","2023"
"988","CHRIST_Andreas_Digitale_Interaktion_auf_Augenh_he___drei_Weg.xml.txt","2023"
"989","CUGLIANA_Elisa_Coding_editions__Computational_approaches_to_.xml.txt","2023"
"990","CZMIEL_Alexander_Offen_f_r_Professionalisierung__Wie_Softwar.xml.txt","2023"
"991","D_RFELD_Michael_ARS___Architecture_Research_Stage.xml.txt","2023"
"992","DEICKE_Aline_Living_Handbook__Digitale_Quellenkritik_.xml.txt","2023"
"993","DOMINIK_GERSTORFER_Dominik_Konflikte_als_Theorie__Modell_und.xml.txt","2023"
"994","DU_Keli_Evaluating_token_based_DTFs_on_authorship_classifica.xml.txt","2023"
"995","DUMONT_Stefan_Die_offene_Edition__Vernetzung__Datenpublikati.xml.txt","2023"
"996","EISER_Isabel_Open_Science_Prinzipien_und_interdisziplin_re_K.xml.txt","2023"
"997","ELWERT_Frederik_Digitalisierung_kulturellen_Erbes_und_postko.xml.txt","2023"
"998","FISCHEIDL_Kathrin_das_Deutsche_Kunstarchiv_auf_neuen_Wegen.xml.txt","2023"
"999","FISCHER_Frank_Internationale_Autor_innen_zu_Gast_in_der_DDR_.xml.txt","2023"
"1000","FISCHER_Tim_D_WISE___Digitale_Wissenssoziologische_Diskursan.xml.txt","2023"
"1001","FL_H_Marie_Analyse__Produktion__Reflexion__Nachnutzungsszena.xml.txt","2023"
"1002","FRANK_Laura_Schrifttradition_digital__Rituell_reine_Toraroll.xml.txt","2023"
"1003","FRANKEN_Lina_Oral_History_auf_dem_Weg_zu_Big_Data__menschlic.xml.txt","2023"
"1004","FRANZINI_Greta_Increasing_the_visibility_of_Tyrol_s_cultural.xml.txt","2023"
"1005","GALKA_Selina_Minimal_Editing__Die_Hyperdiplomatische_Transkr.xml.txt","2023"
"1006","GALKA_Selina_Wei_buch_Digitale_Edition.xml.txt","2023"
"1007","GEBHARD_Henning_Metaphors_of_Religion.xml.txt","2023"
"1008","GEISSEL_Pia_Stilometrie_in_der_Diplomatik__Ein_neues_Forschu.xml.txt","2023"
"1009","GENGNAGEL_Tessa_Open_DH__Mapping_Blind_Spots.xml.txt","2023"
"1010","GERBER_Anja_Die_besonderen_Herausforderungen_multimodaler_he.xml.txt","2023"
"1011","GHOSH_Sharanya_Theorising_the_Aesthetic_Properties_of_Readin.xml.txt","2023"
"1012","GIOVANNINI_Luca_Onboard_onto_DraCor.xml.txt","2023"
"1013","GLAS_Julia_Selbstoptimierung_vs__Selbstliebe__Eine_vergleich.xml.txt","2023"
"1014","GLAWION_Anastasia_Einfluss_des_h_ufigen_Lesens_auf_Textwahrn.xml.txt","2023"
"1015","GROSSE_Peggy_duerer_online___Virtuelles_Forschungsnetzwerk_A.xml.txt","2023"
"1016","GROTE_Brigitte_Lemmabasierte_Publikationsformate_weiter_denk.xml.txt","2023"
"1017","H_USSLER_Julian_Fanfiction_Semantics___Eine_quantitative_Ana.xml.txt","2023"
"1018","HAGEN_Thora_Von_A_bis_Z___berlegungen_zur_Erstellung_eines_W.xml.txt","2023"
"1019","HAIDER_Thomas_Nikolaus_Barockpoetik_als_Wikibase__Eine_Daten.xml.txt","2023"
"1020","HALL_Mark_Schlendern_im_Digitalen_Museum.xml.txt","2023"
"1021","HATZEL_Hans_Ole_Narrativit_t_und_Handlung.xml.txt","2023"
"1022","HENNING_Pia_Das_preu_ische_Kriegsspiel_als_Forschungsobjekt.xml.txt","2023"
"1023","HESSBR_GGEN_WALTER_Stefan_Offene_Daten_f_r_die_digitale_Phil.xml.txt","2023"
"1024","HILGER_Agnes_Dunkelgr_n__blassgr_n__fenchelgr_n_oder___ber_d.xml.txt","2023"
"1025","HINZMANN_Maria_SPARQL_f_r__digitale__Geisteswissenschaftler_.xml.txt","2023"
"1026","HODEL_Tobias_Bullingers_Briefwechsel_zug_nglich_machen__Stan.xml.txt","2023"
"1027","HOPP_Meike_Provenienzforschung_und_ihre_Quellenbest_nde__Akt.xml.txt","2023"
"1028","HORSTMANN_Jan_Algorithmen_anwenden___algorithmisch_denken.xml.txt","2023"
"1029","HORSTMANN_Jan_Grenzen_der_Offenheit__eine_digitale_Sammlung_.xml.txt","2023"
"1030","HORSTMANN_Jan_Textliche_Relationen_maschinenlesbar_formalisi.xml.txt","2023"
"1031","HOWANITZ_Gernot_Kaleidoskopische_Muster_des_Protests__Visuel.xml.txt","2023"
"1032","HOWANITZ_Gernot_Open_Humanities_in_der_Filmwissenschaft___zw.xml.txt","2023"
"1033","JACKE_Janina_Vom_sprachlichen_Indikator_zum_komplexen_Ph_nom.xml.txt","2023"
"1034","JANNIDIS_Fotis_Korpuszusammensetzung_und_Verl_sslichkeit_des.xml.txt","2023"
"1035","JUNG_Kerstin_Die_Wahl_der_Mittel___Jupyter_Notebooks_als_For.xml.txt","2023"
"1036","JUNG_Kerstin_Wunsch_und_Wirklichkeit___Forschungsinfrastrukt.xml.txt","2023"
"1037","JUNGINGER_Pauline_Feministische_Filmgeschichte_als_Linked_Op.xml.txt","2023"
"1038","K_NIG_Mareike_Hands_on_Workshop_Wissenschaftsbloggen_mit_de_.xml.txt","2023"
"1039","KEPPER_Johannes_Open_Data_in_musikphilologischen_Projekten__.xml.txt","2023"
"1040","KETSCHIK_Nora__textklang____Ein_Mixed_Methods_Workshop_zu_Ly.xml.txt","2023"
"1041","KIPKE_Marta_EGRAPHSEN__Von_einem_Nebenprodukt_des_Supervised.xml.txt","2023"
"1042","KLAES_Jan_Sebastian_Die_digitale_Schulbuch_Bibliothek_GEI_Di.xml.txt","2023"
"1043","KLAMMT_Anne_Forschungssoftware_rezensieren___Konzeption__Dur.xml.txt","2023"
"1044","KOLBE_Ines__Werktitel_als_Wissensraum_____ber_die_Potentiale.xml.txt","2023"
"1045","KONLE_Leonard_Gattungen_und_Emotionen_in_der_Lyrik_des_Reali.xml.txt","2023"
"1046","KOU_HERREMA_Tianyi_Constructing_Multicultural_Germany__Narra.xml.txt","2023"
"1047","KRAUSE_Celia_Forschungsdateninfrastruktur_als_offene_Werksta.xml.txt","2023"
"1048","KRAUTTER_Benjamin_Skalierungspraktiken_in_der_computergest_t.xml.txt","2023"
"1049","KURZMEIER_Michael_A_Quantitative_Analysis_of_Digital_Scholar.xml.txt","2023"
"1050","L_CK_Christian_Standoff_Tools___Generische_Dienste_f_r_die_a.xml.txt","2023"
"1051","LAMBERTZ_Michael_Open_Culture_im_Museum___Skandal_KULTUR_rel.xml.txt","2023"
"1052","LANG_Sabine__Mind_the_Gap___Von_L_cken_in_der_Provenienzfors.xml.txt","2023"
"1053","LANG_Sarah_Data_Feminism_in_DH__Hackathon_und_Netzwerktreffe.xml.txt","2023"
"1054","LEMAIRE_Marina_Hands_on_Workshop_Datendokumentation.xml.txt","2023"
"1055","MAYER_Desiree_Der_NFDI4Culture_Helpdesk___ein_Beratungsangeb.xml.txt","2023"
"1056","MAYER_Manuela_Das_QhoD_Projekt__Digitale_Edition_von_Quellen.xml.txt","2023"
"1057","MEIER_VIERACKER_Simon_Was_hei_t_eigentlich__offen___Eine_kor.xml.txt","2023"
"1058","NANTKE_Julia_Algorithmen_gest_tzte_Analyse_visuell_materiell.xml.txt","2023"
"1059","NEUBER_Frederike_Open_Jean_Paul.xml.txt","2023"
"1060","NIEMANN_Klara_Datenaufbereitung_und__kuration_im_Spannungsfe.xml.txt","2023"
"1061","NOICHL_Maximilian_PhilroBERTa__Ein_multilinguales_Sprachmode.xml.txt","2023"
"1062","NOWAKOWSKI_Matthias_Forschungsperspektiven_zur_Interaktion_m.xml.txt","2023"
"1063","PETERSEN_FREY_Fynn_Erweiterbare__interaktive_Softwareplattfo.xml.txt","2023"
"1064","PICHLER_Axel_Urheberrechtlich_gesch_tzte_Texte_nachnutzen___.xml.txt","2023"
"1065","PIEL_Pattrick_Wie_die_OPERAS_Projekte_PRISM_und_TRIPLE_Open_.xml.txt","2023"
"1066","PITTROFF_Sarah_Bilder_im_Kontext__Die_Entwicklung_des_Corpus.xml.txt","2023"
"1067","POLLIN_Christopher_DigEdTnT___Digital_Edition_Creation_Pipel.xml.txt","2023"
"1068","R_DIGER_Jan_Oliver_OWIDplusLIVE___Tagesaktuelle_N_Gramm_Anal.xml.txt","2023"
"1069","RADISCH_Erik_Buddhist_Murals_of_Kucha_on_the_Northern_Silk_R.xml.txt","2023"
"1070","RASTINGER_Nina_C__Listen_in_historischen_Zeitungen__Herausfo.xml.txt","2023"
"1071","RENSINGHOFF_Berenike_3D__und_4D_Modellierung_in_den_Digital_.xml.txt","2023"
"1072","REUL_Christian_Synoptische_Interfaces_Digitaler_Editionen.xml.txt","2023"
"1073","ROEDER_Torsten_Greening_DH__individuelle_Handlungsspielr_ume.xml.txt","2023"
"1074","ROSENTHAL_Maximilian_Musikgeschichte_im_distant_reading__Pr_.xml.txt","2023"
"1075","SCHELBERT_Georg_Sammlungsdaten_mit_Wikidata_anreichern_und_f.xml.txt","2023"
"1076","SCHENK_Nicolas_Vom_Heben_verborgener_Sch_tze___Literarische_.xml.txt","2023"
"1077","SCHIRMER_Miriam_Mixed_Methods_in_der_Genozidforschung.xml.txt","2023"
"1078","SCHNEIDER_Philipp_Knowledge_Graph_Design_in_der_Forschungspr.xml.txt","2023"
"1079","SCHNEIDER_Stefanie_Re__ARTigo__Neuentwurf_eines_Social_Taggi.xml.txt","2023"
"1080","SCHULZ_Daniela_Offene_Editionen___Die_Task_Area_Editionen_im.xml.txt","2023"
"1081","SCHUMACHER_Mareike_DisKo__Zur_Einbindung_von_Citizen_Humanit.xml.txt","2023"
"1082","SCHUMACHER_Mareike_GitMA_oder_CATMA_f_r_Fortgeschrittene.xml.txt","2023"
"1083","SCHWAB_Michel__Die_Greta_Garbo_der_Leichtathletik____Eine_sy.xml.txt","2023"
"1084","SELTMANN_Melanie_Elisabeth_H___PublicDH_oder_doch_nur__WissK.xml.txt","2023"
"1085","SELTMANN_Melanie_Elisabeth_H__Die_perfekte_digitale_Open_Acc.xml.txt","2023"
"1086","SLUYTER_G_THJE_Henny_Opening_a_Journal__Erfahrungen_bei_der_.xml.txt","2023"
"1087","SOETHAERT_Bart_Offenheit_durch_Dokumentation__Lose_Forschung.xml.txt","2023"
"1088","STAHN_Lena_Luise_Von_Wissensdingen_und_Werkr_umen__Graph_bas.xml.txt","2023"
"1089","STEINER_Elisabeth_Sharing_the_CROWN___Von_Sammlungsdaten_zu_.xml.txt","2023"
"1090","SU_REZ_CRONAUER_Elena_Korrespondenzen_der_Fr_hromantik__Ein_.xml.txt","2023"
"1091","SUTOR_Nadine_Doctoral_Consortium__Nadine_Sutor.xml.txt","2023"
"1092","THODEN_Klaus_Forschung__Informationswissenschaft_und_Archiv_.xml.txt","2023"
"1093","TIETZ_Tabea_Knowledge_Graph_basierte_Forschungsdatenintegrat.xml.txt","2023"
"1094","TRILCKE_Peer_Open_Archives_VR__Ein_3D_Modell_des_Theodor_Fon.xml.txt","2023"
"1095","TRIPPEL_Thorsten_Korpora_modular__verteilt__vernetzt_in_Text.xml.txt","2023"
"1096","TU_Ngoc_Duyen_Tanja_Projektvorstellung___Sprachanfragen__Emp.xml.txt","2023"
"1097","VARACHKINA_Hanna_Pipelines_f_r_Natural_Language_Processing_u.xml.txt","2023"
"1098","VOGELER_Georg_Building_a_virtual_research_environment_to_mov.xml.txt","2023"
"1099","WAGNER_Sarah_How_to_Open_Heritage__Digitale_Erschlie_ungskon.xml.txt","2023"
"1100","WEHRHEIM_Lino__Auch_heute_war_die_Stimmung_im_Allgemeinen_fe.xml.txt","2023"
"1101","WEIMER_Lukas_NFDI4Culture_und_Text____Kartierung_einer_Zusam.xml.txt","2023"
"1102","WEIS_Joelle_Fabrikation_von_Erkenntnis__Experimente_in_den_D.xml.txt","2023"
"1103","WETTLAUFER_J_rg_Semantic_Web_und_Linked_Open_Data_in_den_Ges.xml.txt","2023"
"1104","WINDHAGER_Florian_Data_Driven_Storytelling_zu_kulturellen_Ob.xml.txt","2023"
"1105","WINDHAGER_Florian_Skalierbare_Blicke_auf_Leben_und_Werk__Vis.xml.txt","2023"
"1106","WINTJES_Jorit_Die_historische_Konfliktsimulation_als_wissens.xml.txt","2023"
"1107","WUTTKE_Ulrike_Herausforderung__Lesson_Learned_oder_Chance__D.xml.txt","2023"
